,quantity,price,month_sin,month_cos,dow_sin,dow_cos,price+1
13,0.01173092197714914,3.7032753343976688,-0.8660254037844384,-0.5000000000000004,0.8660254037844386,0.5000000000000001,6.72520169527202
14,0.004796236329198997,4.426641427432833,-0.8660254037844384,-0.5000000000000004,0.8660254037844387,-0.4999999999999998,3.7032753343976688
15,0.004964257347100874,4.9056450802386244,-0.8660254037844384,-0.5000000000000004,1.2246467991473532e-16,-1.0,4.426641427432833
16,0.006491721146208834,5.09913445267867,-0.8660254037844384,-0.5000000000000004,-0.8660254037844384,-0.5000000000000004,4.9056450802386244
17,0.008324677705138388,5.230680717832225,-0.8660254037844384,-0.5000000000000004,-0.8660254037844386,0.5000000000000001,5.09913445267867
18,0.010600598765809249,5.237558360702472,-0.8660254037844384,-0.5000000000000004,-2.4492935982947064e-16,1.0,5.230680717832225
19,0.01212806256491721,5.374769018708368,-0.8660254037844384,-0.5000000000000004,0.0,1.0,5.237558360702472
20,0.010554774851836009,5.301861080171402,-0.8660254037844384,-0.5000000000000004,0.8660254037844386,0.5000000000000001,5.374769018708368
21,0.018741980815054682,6.229772534941963,-0.8660254037844384,-0.5000000000000004,0.8660254037844387,-0.4999999999999998,5.301861080171402
22,0.02469908963157573,6.018641875112774,-0.8660254037844384,-0.5000000000000004,1.2246467991473532e-16,-1.0,6.229772534941963
23,0.02663896865644284,5.332670482919699,-0.8660254037844384,-0.5000000000000004,-0.8660254037844384,-0.5000000000000004,6.018641875112774
24,0.024668540355593568,5.320372357328868,-0.8660254037844384,-0.5000000000000004,-0.8660254037844386,0.5000000000000001,5.332670482919699
25,0.025248976599254593,5.647917341814805,-0.8660254037844384,-0.5000000000000004,-2.4492935982947064e-16,1.0,5.320372357328868
26,0.018665607625099282,5.765974494912649,-0.8660254037844384,-0.5000000000000004,0.0,1.0,5.647917341814805
27,0.019689008370501616,5.766694674049188,-0.8660254037844384,-0.5000000000000004,0.8660254037844386,0.5000000000000001,5.765974494912649
28,0.017031221360053764,6.175534574436053,-0.8660254037844384,-0.5000000000000004,0.8660254037844387,-0.4999999999999998,5.766694674049188
29,0.18957284066277094,4.806892516840044,-0.8660254037844384,-0.5000000000000004,1.2246467991473532e-16,-1.0,6.175534574436053
30,0.031313007881713206,6.478586444174737,-0.8660254037844384,-0.5000000000000004,-0.8660254037844384,-0.5000000000000004,4.806892516840044
31,0.039500213844931874,6.439110725774032,-1.0,-1.8369701987210297e-16,-0.8660254037844386,0.5000000000000001,6.478586444174737
32,0.05170464959980448,6.290142196032558,-1.0,-1.8369701987210297e-16,-2.4492935982947064e-16,1.0,6.439110725774032
33,0.023339646850369645,6.301721136910783,-1.0,-1.8369701987210297e-16,0.0,1.0,6.290142196032558
34,0.03803384859778823,6.407506852253916,-1.0,-1.8369701987210297e-16,0.8660254037844386,0.5000000000000001,6.301721136910783
35,0.05729516710453962,6.392486465518772,-1.0,-1.8369701987210297e-16,0.8660254037844387,-0.4999999999999998,6.407506852253916
36,0.039836255880735624,6.3634590451545465,-1.0,-1.8369701987210297e-16,1.2246467991473532e-16,-1.0,6.392486465518772
37,0.04985641840288385,6.263264920368611,-1.0,-1.8369701987210297e-16,-0.8660254037844384,-0.5000000000000004,6.3634590451545465
38,0.03888922832528869,6.192730519902875,-1.0,-1.8369701987210297e-16,-0.8660254037844386,0.5000000000000001,6.263264920368611
39,0.04594611107716747,6.211984660215478,-1.0,-1.8369701987210297e-16,-2.4492935982947064e-16,1.0,6.192730519902875
40,0.043746563206452004,6.279702714910078,-1.0,-1.8369701987210297e-16,0.0,1.0,6.211984660215478
41,0.04296755666890695,6.232565887795969,-1.0,-1.8369701987210297e-16,0.8660254037844386,0.5000000000000001,6.279702714910078
42,0.03873648194537789,6.308935977745515,-1.0,-1.8369701987210297e-16,0.8660254037844387,-0.4999999999999998,6.232565887795969
43,0.04933708071118714,6.291198700583904,-1.0,-1.8369701987210297e-16,1.2246467991473532e-16,-1.0,6.308935977745515
44,0.04985641840288385,6.332817709748902,-1.0,-1.8369701987210297e-16,-0.8660254037844384,-0.5000000000000004,6.291198700583904
45,0.05106311480417914,6.348474434946743,-1.0,-1.8369701987210297e-16,-0.8660254037844386,0.5000000000000001,6.332817709748902
46,0.018558685159161724,6.311099398610953,-1.0,-1.8369701987210297e-16,-2.4492935982947064e-16,1.0,6.348474434946743
47,0.015335736543043928,6.548348034278428,-1.0,-1.8369701987210297e-16,0.0,1.0,6.311099398610953
48,0.01799352355349178,6.278221191483262,-1.0,-1.8369701987210297e-16,0.8660254037844386,0.5000000000000001,6.548348034278428
49,0.021185922893627418,6.3959625210259405,-1.0,-1.8369701987210297e-16,0.8660254037844387,-0.4999999999999998,6.278221191483262
50,0.021628887395368727,6.420499686728578,-1.0,-1.8369701987210297e-16,1.2246467991473532e-16,-1.0,6.3959625210259405
51,0.0210484511517077,6.2408409875919535,-1.0,-1.8369701987210297e-16,-0.8660254037844384,-0.5000000000000004,6.420499686728578
52,0.04367019001649661,6.378697793621342,-1.0,-1.8369701987210297e-16,-0.8660254037844386,0.5000000000000001,6.2408409875919535
53,0.03959186167287835,6.385110078410804,-1.0,-1.8369701987210297e-16,-2.4492935982947064e-16,1.0,6.378697793621342
54,0.045716991507301276,6.304777815932781,-1.0,-1.8369701987210297e-16,0.0,1.0,6.385110078410804
55,0.04486161177980082,6.203000995880439,-1.0,-1.8369701987210297e-16,0.8660254037844386,0.5000000000000001,6.304777815932781
56,0.05298771919105517,6.197014230021144,-1.0,-1.8369701987210297e-16,0.8660254037844387,-0.4999999999999998,6.203000995880439
57,0.06656687236512494,6.12706567135952,-1.0,-1.8369701987210297e-16,1.2246467991473532e-16,-1.0,6.197014230021144
58,0.0672695057127146,6.028880748493404,-1.0,-1.8369701987210297e-16,-0.8660254037844384,-0.5000000000000004,6.12706567135952
59,0.07000366591311785,5.997744785065133,-1.0,-1.8369701987210297e-16,-0.8660254037844386,0.5000000000000001,6.028880748493404
60,0.06725423107472353,5.998092533398203,-1.0,-1.8369701987210297e-16,-2.4492935982947064e-16,1.0,5.997744785065133
61,0.07489155007026332,6.053852319542798,-0.8660254037844386,0.5000000000000001,0.0,1.0,5.998092533398203
62,0.07383760004887883,6.040040402600664,-0.8660254037844386,0.5000000000000001,0.8660254037844386,0.5000000000000001,6.053852319542798
63,0.06881224414981364,5.8627501057518465,-0.8660254037844386,0.5000000000000001,0.8660254037844387,-0.4999999999999998,6.040040402600664
64,0.08020712409115903,5.940776332780459,-0.8660254037844386,0.5000000000000001,1.2246467991473532e-16,-1.0,5.8627501057518465
65,0.09615384615384615,5.856331873116486,-0.8660254037844386,0.5000000000000001,-0.8660254037844384,-0.5000000000000004,5.940776332780459
66,0.10226370135027799,5.815919974593051,-0.8660254037844386,0.5000000000000001,-0.8660254037844386,0.5000000000000001,5.856331873116486
67,0.09396957292112176,5.7866212696317385,-0.8660254037844386,0.5000000000000001,-2.4492935982947064e-16,1.0,5.815919974593051
68,0.11501802407282946,5.581275800163405,-0.8660254037844386,0.5000000000000001,0.0,1.0,5.7866212696317385
69,0.11623999511211583,5.520099992222905,-0.8660254037844386,0.5000000000000001,0.8660254037844386,0.5000000000000001,5.581275800163405
70,0.07939756827763181,5.4817632910037,-0.8660254037844386,0.5000000000000001,0.8660254037844387,-0.4999999999999998,5.520099992222905
71,0.07637318995539805,5.63885276590362,-0.8660254037844386,0.5000000000000001,1.2246467991473532e-16,-1.0,5.4817632910037
72,0.06694873831490193,5.5791636279905354,-0.8660254037844386,0.5000000000000001,-0.8660254037844384,-0.5000000000000004,5.63885276590362
73,0.0702633347589662,5.51128936254075,-0.8660254037844386,0.5000000000000001,-0.8660254037844386,0.5000000000000001,5.5791636279905354
74,0.06085415775646117,5.528635121610247,-0.8660254037844386,0.5000000000000001,-2.4492935982947064e-16,1.0,5.51128936254075
75,0.03687297611046618,5.483011107487047,-0.8660254037844386,0.5000000000000001,0.0,1.0,5.528635121610247
76,0.05584407649538706,5.372960909543803,-0.8660254037844386,0.5000000000000001,0.8660254037844386,0.5000000000000001,5.483011107487047
77,0.055401111993645745,5.369474560864365,-0.8660254037844386,0.5000000000000001,0.8660254037844387,-0.4999999999999998,5.372960909543803
78,0.0714700311602615,5.519899699795292,-0.8660254037844386,0.5000000000000001,1.2246467991473532e-16,-1.0,5.369474560864365
79,0.07417364208468259,5.477049154491434,-0.8660254037844386,0.5000000000000001,-0.8660254037844384,-0.5000000000000004,5.519899699795292
80,0.07408199425673612,5.4019564013075225,-0.8660254037844386,0.5000000000000001,-0.8660254037844386,0.5000000000000001,5.477049154491434
81,0.09146453229058471,5.382198850528739,-0.8660254037844386,0.5000000000000001,-2.4492935982947064e-16,1.0,5.4019564013075225
82,0.0917700250504063,5.38077254648423,-0.8660254037844386,0.5000000000000001,0.0,1.0,5.382198850528739
83,0.07466243050039714,5.362558968609502,-0.8660254037844386,0.5000000000000001,0.8660254037844386,0.5000000000000001,5.38077254648423
84,0.05831856784994195,5.279389356662517,-0.8660254037844386,0.5000000000000001,0.8660254037844387,-0.4999999999999998,5.362558968609502
85,0.049948066230830326,5.538200033866523,-0.8660254037844386,0.5000000000000001,1.2246467991473532e-16,-1.0,5.279389356662517
86,0.04924543288324067,5.54697270703097,-0.8660254037844386,0.5000000000000001,-0.8660254037844384,-0.5000000000000004,5.538200033866523
87,0.06397018390664141,5.300215563831117,-0.8660254037844386,0.5000000000000001,-0.8660254037844386,0.5000000000000001,5.54697270703097
88,0.05654670984297672,5.217703662553791,-0.8660254037844386,0.5000000000000001,-2.4492935982947064e-16,1.0,5.300215563831117
89,0.06890389197776012,5.22971727505578,-0.8660254037844386,0.5000000000000001,0.0,1.0,5.217703662553791
90,0.04901631331337447,5.267600393885976,-0.8660254037844386,0.5000000000000001,0.8660254037844386,0.5000000000000001,5.22971727505578
91,0.06474919044418646,5.089569695517559,-0.8660254037844386,0.5000000000000001,0.8660254037844387,-0.4999999999999998,5.267600393885976
92,0.0547595771980204,5.38820377334256,-0.5000000000000004,0.8660254037844384,1.2246467991473532e-16,-1.0,5.089569695517559
93,0.05769230769230769,5.265070772754401,-0.5000000000000004,0.8660254037844384,-0.8660254037844384,-0.5000000000000004,5.38820377334256
94,0.037606158734038005,5.245285719996231,-0.5000000000000004,0.8660254037844384,-0.8660254037844386,0.5000000000000001,5.265070772754401
95,0.04918433433127635,5.52557245390196,-0.5000000000000004,0.8660254037844384,-2.4492935982947064e-16,1.0,5.245285719996231
96,0.04632797702694446,5.247024072160486,-0.5000000000000004,0.8660254037844384,0.0,1.0,5.52557245390196
97,0.03916417180912812,5.450737979243263,-0.5000000000000004,0.8660254037844384,0.8660254037844386,0.5000000000000001,5.247024072160486
98,0.04461721757194354,5.434813111136574,-0.5000000000000004,0.8660254037844384,0.8660254037844387,-0.4999999999999998,5.450737979243263
99,0.04672511761471253,5.333587980629956,-0.5000000000000004,0.8660254037844384,1.2246467991473532e-16,-1.0,5.434813111136574
100,0.05112421335614346,5.360681650744587,-0.5000000000000004,0.8660254037844384,-0.8660254037844384,-0.5000000000000004,5.333587980629956
101,0.05361397934868943,5.350387858839039,-0.5000000000000004,0.8660254037844384,-0.8660254037844386,0.5000000000000001,5.360681650744587
102,0.05767703305431661,5.254783364524308,-0.5000000000000004,0.8660254037844384,-2.4492935982947064e-16,1.0,5.350387858839039
103,0.09083827213295044,5.408784819574008,-0.5000000000000004,0.8660254037844384,0.0,1.0,5.254783364524308
104,0.10070568827518787,5.2652775124698366,-0.5000000000000004,0.8660254037844384,0.8660254037844386,0.5000000000000001,5.408784819574008
105,0.10328710209568033,5.2832037287379885,-0.5000000000000004,0.8660254037844384,0.8660254037844387,-0.4999999999999998,5.2652775124698366
106,0.10107227958697378,5.283457503641013,-0.5000000000000004,0.8660254037844384,1.2246467991473532e-16,-1.0,5.2832037287379885
107,0.06623083032932119,5.243808381047644,-0.5000000000000004,0.8660254037844384,-0.8660254037844384,-0.5000000000000004,5.283457503641013
108,0.05523309097574387,5.242170205925036,-0.5000000000000004,0.8660254037844384,-0.8660254037844386,0.5000000000000001,5.243808381047644
109,0.05361397934868943,5.14999135701204,-0.5000000000000004,0.8660254037844384,-2.4492935982947064e-16,1.0,5.242170205925036
110,0.08202480601209751,5.435380016936376,-0.5000000000000004,0.8660254037844384,0.0,1.0,5.14999135701204
111,0.12664202358404106,5.296916385632408,-0.5000000000000004,0.8660254037844384,0.8660254037844386,0.5000000000000001,5.435380016936376
112,0.12975804973422128,5.292299294222474,-0.5000000000000004,0.8660254037844384,0.8660254037844387,-0.4999999999999998,5.296916385632408
113,0.12575609458055842,5.344580531017675,-0.5000000000000004,0.8660254037844384,1.2246467991473532e-16,-1.0,5.292299294222474
114,0.129895521476141,5.351668542045031,-0.5000000000000004,0.8660254037844384,-0.8660254037844384,-0.5000000000000004,5.344580531017675
115,0.12735993156962178,5.341281065980152,-0.5000000000000004,0.8660254037844384,-0.8660254037844386,0.5000000000000001,5.351668542045031
116,0.15292967556668904,5.346059362533458,-0.5000000000000004,0.8660254037844384,-2.4492935982947064e-16,1.0,5.341281065980152
117,0.14130567605547747,5.365040998590945,-0.5000000000000004,0.8660254037844384,0.0,1.0,5.346059362533458
118,0.13084254903158793,5.332235584751498,-0.5000000000000004,0.8660254037844384,0.8660254037844386,0.5000000000000001,5.365040998590945
119,0.13747174191971648,5.292701627762401,-0.5000000000000004,0.8660254037844384,0.8660254037844387,-0.4999999999999998,5.332235584751498
120,0.10307325716380521,5.282645197153741,-0.5000000000000004,0.8660254037844384,1.2246467991473532e-16,-1.0,5.292701627762401
121,0.14874442475713323,5.207352731173943,-0.5000000000000004,0.8660254037844384,-0.8660254037844384,-0.5000000000000004,5.282645197153741
122,0.1789576587034887,5.193789837194102,-2.4492935982947064e-16,1.0,-0.8660254037844386,0.5000000000000001,5.207352731173943
123,0.18042402395063237,5.017081141579645,-2.4492935982947064e-16,1.0,-2.4492935982947064e-16,1.0,5.193789837194102
124,0.12629070691024621,5.282543612431996,-2.4492935982947064e-16,1.0,0.0,1.0,5.017081141579645
125,0.13727317162583247,5.269557744876612,-2.4492935982947064e-16,1.0,0.8660254037844386,0.5000000000000001,5.282543612431996
126,0.18686992118286794,5.179364897370744,-2.4492935982947064e-16,1.0,0.8660254037844387,-0.4999999999999998,5.269557744876612
127,0.21778578847681307,5.200649409369878,-2.4492935982947064e-16,1.0,1.2246467991473532e-16,-1.0,5.179364897370744
128,0.22036720229730553,5.196561457593649,-2.4492935982947064e-16,1.0,-0.8660254037844384,-0.5000000000000004,5.200649409369878
129,0.2111718702266756,5.1653001274382255,-2.4492935982947064e-16,1.0,-0.8660254037844386,0.5000000000000001,5.196561457593649
130,0.20950693468564793,5.124678010136916,-2.4492935982947064e-16,1.0,-2.4492935982947064e-16,1.0,5.1653001274382255
131,0.19533207062992605,5.036043098030789,-2.4492935982947064e-16,1.0,0.0,1.0,5.124678010136916
132,0.21303537606158732,5.018206559592573,-2.4492935982947064e-16,1.0,0.8660254037844386,0.5000000000000001,5.036043098030789
133,0.17623877314107653,5.036757778241827,-2.4492935982947064e-16,1.0,0.8660254037844387,-0.4999999999999998,5.018206559592573
134,0.12635180546221053,5.283000662436144,-2.4492935982947064e-16,1.0,1.2246467991473532e-16,-1.0,5.036757778241827
135,0.11197837111260463,5.243702773274814,-2.4492935982947064e-16,1.0,-0.8660254037844384,-0.5000000000000004,5.283000662436144
136,0.13056760554774852,5.0295878870129425,-2.4492935982947064e-16,1.0,-0.8660254037844386,0.5000000000000001,5.243702773274814
137,0.1546862589356632,5.0089004568025395,-2.4492935982947064e-16,1.0,-2.4492935982947064e-16,1.0,5.0295878870129425
138,0.12011975316185006,4.983606621708336,-2.4492935982947064e-16,1.0,0.0,1.0,5.0089004568025395
139,0.09511517077045273,4.982510130370407,-2.4492935982947064e-16,1.0,0.8660254037844386,0.5000000000000001,4.983606621708336
140,0.05596627359931569,4.9691881041820825,-2.4492935982947064e-16,1.0,0.8660254037844387,-0.4999999999999998,4.982510130370407
141,0.1292998105944889,4.879006851617819,-2.4492935982947064e-16,1.0,1.2246467991473532e-16,-1.0,4.9691881041820825
142,0.12939145842243538,4.878550473729012,-2.4492935982947064e-16,1.0,-0.8660254037844384,-0.5000000000000004,4.879006851617819
143,0.11547626321256185,4.837471675087067,-2.4492935982947064e-16,1.0,-0.8660254037844386,0.5000000000000001,4.878550473729012
144,0.10603653693407465,4.981686972140363,-2.4492935982947064e-16,1.0,-2.4492935982947064e-16,1.0,4.837471675087067
145,0.17329076800879817,4.650239149355669,-2.4492935982947064e-16,1.0,0.0,1.0,4.981686972140363
146,0.18709904075273415,4.6434288981051814,-2.4492935982947064e-16,1.0,0.8660254037844386,0.5000000000000001,4.650239149355669
147,0.13583735565467098,4.6443908991413725,-2.4492935982947064e-16,1.0,0.8660254037844387,-0.4999999999999998,4.6434288981051814
148,0.10314963035376061,4.927398602192456,-2.4492935982947064e-16,1.0,1.2246467991473532e-16,-1.0,4.6443908991413725
149,0.10185128612451884,4.750049447306176,-2.4492935982947064e-16,1.0,-0.8660254037844384,-0.5000000000000004,4.927398602192456
150,0.17845359564978308,4.737600973168581,-2.4492935982947064e-16,1.0,-0.8660254037844386,0.5000000000000001,4.750049447306176
151,0.17744546954237184,4.74371399543615,-2.4492935982947064e-16,1.0,-2.4492935982947064e-16,1.0,4.737600973168581
152,0.14633103195454267,4.742232836376431,-2.4492935982947064e-16,1.0,0.0,1.0,4.74371399543615
153,0.130277387425918,4.667205576907544,0.49999999999999994,0.8660254037844387,0.8660254037844386,0.5000000000000001,4.742232836376431
154,0.12439665179935233,4.715189831026641,0.49999999999999994,0.8660254037844387,0.8660254037844387,-0.4999999999999998,4.667205576907544
155,0.09699395124335553,4.713576059831878,0.49999999999999994,0.8660254037844387,1.2246467991473532e-16,-1.0,4.715189831026641
156,0.09092991996089692,4.700389452569025,0.49999999999999994,0.8660254037844387,-0.8660254037844384,-0.5000000000000004,4.713576059831878
157,0.07996272988330176,4.778619164278448,0.49999999999999994,0.8660254037844387,-0.8660254037844386,0.5000000000000001,4.700389452569025
158,0.09204496853424574,4.668895876868636,0.49999999999999994,0.8660254037844387,-2.4492935982947064e-16,1.0,4.778619164278448
159,0.1010570049489827,4.659563669818423,0.49999999999999994,0.8660254037844387,0.0,1.0,4.668895876868636
160,0.03705627176635914,5.103518288242969,0.49999999999999994,0.8660254037844387,0.8660254037844386,0.5000000000000001,4.659563669818423
161,0.08536995173214394,4.738389029774314,0.49999999999999994,0.8660254037844387,0.8660254037844387,-0.4999999999999998,5.103518288242969
162,0.09173947577442414,4.744410253079596,0.49999999999999994,0.8660254037844387,1.2246467991473532e-16,-1.0,4.738389029774314
163,0.10895399279037087,4.870299853969361,0.49999999999999994,0.8660254037844387,-0.8660254037844384,-0.5000000000000004,4.744410253079596
164,0.10994684425979104,4.856706811803519,0.49999999999999994,0.8660254037844387,-0.8660254037844386,0.5000000000000001,4.870299853969361
165,0.20283191788354615,5.377590547442544,0.49999999999999994,0.8660254037844387,-2.4492935982947064e-16,1.0,4.856706811803519
166,0.20370257224903768,5.406678376218101,0.49999999999999994,0.8660254037844387,0.0,1.0,5.377590547442544
167,0.1235259974338608,4.955827057601261,0.49999999999999994,0.8660254037844387,0.8660254037844386,0.5000000000000001,5.406678376218101
168,0.09314474246960347,4.921293932071175,0.49999999999999994,0.8660254037844387,0.8660254037844387,-0.4999999999999998,4.955827057601261
169,0.11202419502657786,4.921221032490315,0.49999999999999994,0.8660254037844387,1.2246467991473532e-16,-1.0,4.921293932071175
170,0.12103623144131483,4.842058839093973,0.49999999999999994,0.8660254037844387,-0.8660254037844384,-0.5000000000000004,4.921221032490315
171,0.12600048878841572,4.786074071694426,0.49999999999999994,0.8660254037844387,-0.8660254037844386,0.5000000000000001,4.842058839093973
172,0.1786063420296939,4.776936228842529,0.49999999999999994,0.8660254037844387,-2.4492935982947064e-16,1.0,4.786074071694426
173,0.16235412720718517,4.763796549270511,0.49999999999999994,0.8660254037844387,0.0,1.0,4.776936228842529
174,0.13586790493065312,4.932745822101549,0.49999999999999994,0.8660254037844387,0.8660254037844386,0.5000000000000001,4.763796549270511
175,0.16267489460499784,4.916178083743369,0.49999999999999994,0.8660254037844387,0.8660254037844387,-0.4999999999999998,4.932745822101549
176,0.1510203458178041,4.838422471450589,0.49999999999999994,0.8660254037844387,1.2246467991473532e-16,-1.0,4.916178083743369
177,0.1068308181096108,4.77676777941907,0.49999999999999994,0.8660254037844387,-0.8660254037844384,-0.5000000000000004,4.838422471450589
178,0.10250809555813527,4.723486412806134,0.49999999999999994,0.8660254037844387,-0.8660254037844386,0.5000000000000001,4.77676777941907
179,0.17272560640312823,4.6023662586553575,0.49999999999999994,0.8660254037844387,-2.4492935982947064e-16,1.0,4.723486412806134
180,0.18517443636585812,4.607567310587813,0.49999999999999994,0.8660254037844387,0.0,1.0,4.6023662586553575
181,0.17718580069652348,4.650239149355669,0.49999999999999994,0.8660254037844387,0.8660254037844386,0.5000000000000001,4.607567310587813
182,0.15580130750901203,4.735671994052249,0.49999999999999994,0.8660254037844387,0.8660254037844387,-0.4999999999999998,4.650239149355669
183,0.1455520254169976,4.631032845513819,0.49999999999999994,0.8660254037844387,1.2246467991473532e-16,-1.0,4.735671994052249
184,0.1583521720535223,4.511848028756718,0.8660254037844386,0.5000000000000001,-0.8660254037844384,-0.5000000000000004,4.631032845513819
185,0.1603073257163805,4.510419849442281,0.8660254037844386,0.5000000000000001,-0.8660254037844386,0.5000000000000001,4.511848028756718
186,0.13029266206390908,4.524935793277486,0.8660254037844386,0.5000000000000001,-2.4492935982947064e-16,1.0,4.510419849442281
187,0.17445164049612022,4.480173695813406,0.8660254037844386,0.5000000000000001,0.0,1.0,4.524935793277486
188,0.17434471803018267,4.477791256658261,0.8660254037844386,0.5000000000000001,0.8660254037844386,0.5000000000000001,4.480173695813406
189,0.19003177124702142,4.484244718059211,0.8660254037844386,0.5000000000000001,0.8660254037844387,-0.4999999999999998,4.477791256658261
190,0.23623755117003725,4.391234115424795,0.8660254037844386,0.5000000000000001,1.2246467991473532e-16,-1.0,4.484244718059211
191,0.2483350644589723,4.255045172913092,0.8660254037844386,0.5000000000000001,-0.8660254037844384,-0.5000000000000004,4.391234115424795
192,0.2267520009775768,4.230331271421687,0.8660254037844386,0.5000000000000001,-0.8660254037844386,0.5000000000000001,4.255045172913092
193,0.2053369585140832,4.647846460268528,0.8660254037844386,0.5000000000000001,-2.4492935982947064e-16,1.0,4.230331271421687
194,0.21703733121525018,4.621535540074356,0.8660254037844386,0.5000000000000001,0.0,1.0,4.647846460268528
195,0.17278670495509255,4.3815265096322,0.8660254037844386,0.5000000000000001,0.8660254037844386,0.5000000000000001,4.621535540074356
196,0.18441070446630414,4.377390906269353,0.8660254037844386,0.5000000000000001,0.8660254037844387,-0.4999999999999998,4.3815265096322
197,0.20862100568216532,4.302577500800556,0.8660254037844386,0.5000000000000001,1.2246467991473532e-16,-1.0,4.377390906269353
198,0.19817315329626686,4.300816579248338,0.8660254037844386,0.5000000000000001,-0.8660254037844384,-0.5000000000000004,4.302577500800556
199,0.1620486344473636,4.224787858247391,0.8660254037844386,0.5000000000000001,-0.8660254037844386,0.5000000000000001,4.300816579248338
200,0.1570843771002627,4.223323943478561,0.8660254037844386,0.5000000000000001,-2.4492935982947064e-16,1.0,4.224787858247391
201,0.16305676055477483,4.081765780015241,0.8660254037844386,0.5000000000000001,0.0,1.0,4.223323943478561
202,0.160780839494104,4.06457240388843,0.8660254037844386,0.5000000000000001,0.8660254037844386,0.5000000000000001,4.081765780015241
203,0.16980815054683202,4.053869729656382,0.8660254037844386,0.5000000000000001,0.8660254037844387,-0.4999999999999998,4.06457240388843
204,0.13284352660841936,4.142817215672879,0.8660254037844386,0.5000000000000001,1.2246467991473532e-16,-1.0,4.053869729656382
205,0.14944705810472292,4.0943445622221,0.8660254037844386,0.5000000000000001,-0.8660254037844384,-0.5000000000000004,4.142817215672879
206,0.14095435938168263,4.017463517886143,0.8660254037844386,0.5000000000000001,-0.8660254037844386,0.5000000000000001,4.0943445622221
207,0.12349544815787865,3.9384701754429945,0.8660254037844386,0.5000000000000001,-2.4492935982947064e-16,1.0,4.017463517886143
208,0.2510539500213844,4.452485098322443,0.8660254037844386,0.5000000000000001,0.0,1.0,3.9384701754429945
209,0.25548359503879753,4.394449154672439,0.8660254037844386,0.5000000000000001,0.8660254037844386,0.5000000000000001,4.452485098322443
210,0.21361581230524834,4.010238052925101,0.8660254037844386,0.5000000000000001,0.8660254037844387,-0.4999999999999998,4.394449154672439
211,0.12768069896743445,4.450269224770129,0.8660254037844386,0.5000000000000001,1.2246467991473532e-16,-1.0,4.010238052925101
212,0.14732388342396283,4.341725337900356,1.0,6.123233995736766e-17,-0.8660254037844384,-0.5000000000000004,4.450269224770129
213,0.16751695484817009,4.200954297280359,1.0,6.123233995736766e-17,-0.8660254037844386,0.5000000000000001,4.341725337900356
214,0.11405572187939145,3.912023005428146,1.0,6.123233995736766e-17,-2.4492935982947064e-16,1.0,4.200954297280359
215,0.19440031771247018,4.138839802108651,1.0,6.123233995736766e-17,0.0,1.0,3.912023005428146
216,0.20720046434899492,4.132924044189576,1.0,6.123233995736766e-17,0.8660254037844386,0.5000000000000001,4.138839802108651
217,0.12349544815787865,4.0040550908746395,1.0,6.123233995736766e-17,0.8660254037844387,-0.4999999999999998,4.132924044189576
218,0.0631606280931142,4.089164502180559,1.0,6.123233995736766e-17,1.2246467991473532e-16,-1.0,4.0040550908746395
219,0.19444614162644344,3.995996439204325,1.0,6.123233995736766e-17,-0.8660254037844384,-0.5000000000000004,4.089164502180559
220,0.19922710331765137,4.109561528026961,1.0,6.123233995736766e-17,-0.8660254037844386,0.5000000000000001,3.995996439204325
221,0.20315268528135882,4.087487774758888,1.0,6.123233995736766e-17,-2.4492935982947064e-16,1.0,4.109561528026961
222,0.17990468625893566,3.714303506454095,1.0,6.123233995736766e-17,0.0,1.0,4.087487774758888
223,0.29075273416020037,3.920982746799618,1.0,6.123233995736766e-17,0.8660254037844386,0.5000000000000001,3.714303506454095
224,0.284169365186045,4.077706921069077,1.0,6.123233995736766e-17,0.8660254037844387,-0.4999999999999998,3.920982746799618
225,0.21589173336591921,4.2837244833835015,1.0,6.123233995736766e-17,1.2246467991473532e-16,-1.0,4.077706921069077
226,0.15870348872731715,4.239886867512759,1.0,6.123233995736766e-17,-0.8660254037844384,-0.5000000000000004,4.2837244833835015
227,0.2696126351805462,4.30406509320417,1.0,6.123233995736766e-17,-0.8660254037844386,0.5000000000000001,4.239886867512759
228,0.2388342396285208,4.299731391947051,1.0,6.123233995736766e-17,-2.4492935982947064e-16,1.0,4.30406509320417
229,0.169991446202725,4.473693823199706,1.0,6.123233995736766e-17,0.0,1.0,4.299731391947051
230,0.170953748396163,4.146620706787472,1.0,6.123233995736766e-17,0.8660254037844386,0.5000000000000001,4.473693823199706
231,0.0933433127634875,4.8234217912218735,1.0,6.123233995736766e-17,0.8660254037844387,-0.4999999999999998,4.146620706787472
232,0.1027066658520193,4.461415282342953,1.0,6.123233995736766e-17,1.2246467991473532e-16,-1.0,4.8234217912218735
233,0.1504857334881163,4.4405313640464446,1.0,6.123233995736766e-17,-0.8660254037844384,-0.5000000000000004,4.461415282342953
234,0.14934013563878534,4.429983118094737,1.0,6.123233995736766e-17,-0.8660254037844386,0.5000000000000001,4.4405313640464446
235,0.1442231319117737,4.4880744141118445,1.0,6.123233995736766e-17,-2.4492935982947064e-16,1.0,4.429983118094737
236,0.12823058593511333,4.3778931033922746,1.0,6.123233995736766e-17,0.0,1.0,4.4880744141118445
237,0.14938595955275857,4.301900590194597,1.0,6.123233995736766e-17,0.8660254037844386,0.5000000000000001,4.3778931033922746
238,0.14805706604753466,4.4868369990262265,1.0,6.123233995736766e-17,0.8660254037844387,-0.4999999999999998,4.301900590194597
239,0.07721329504490743,4.465908118654584,1.0,6.123233995736766e-17,1.2246467991473532e-16,-1.0,4.4868369990262265
240,0.1151402211767581,4.386018655943419,1.0,6.123233995736766e-17,-0.8660254037844384,-0.5000000000000004,4.465908118654584
241,0.10999266817376427,4.568402461795877,1.0,6.123233995736766e-17,-0.8660254037844386,0.5000000000000001,4.386018655943419
242,0.11472780595099895,4.653769855824153,1.0,6.123233995736766e-17,-2.4492935982947064e-16,1.0,4.568402461795877
243,0.06983564489521597,4.354012888218683,0.8660254037844387,-0.4999999999999998,0.0,1.0,4.653769855824153
244,0.06532962668784749,4.586802528629907,0.8660254037844387,-0.4999999999999998,0.8660254037844386,0.5000000000000001,4.354012888218683
245,0.059922404839005315,4.628398312107299,0.8660254037844387,-0.4999999999999998,0.8660254037844387,-0.4999999999999998,4.586802528629907
246,0.24792264923321314,4.699297848712789,0.8660254037844387,-0.4999999999999998,1.2246467991473532e-16,-1.0,4.628398312107299
247,0.2426376244882996,4.700571270751344,0.8660254037844387,-0.4999999999999998,-0.8660254037844384,-0.5000000000000004,4.699297848712789
248,0.22530091036842426,4.656148430752721,0.8660254037844387,-0.4999999999999998,-0.8660254037844386,0.5000000000000001,4.700571270751344
249,0.0963371418097391,4.406963119963913,0.8660254037844387,-0.4999999999999998,-2.4492935982947064e-16,1.0,4.656148430752721
250,0.12015030243783222,4.181592022453,0.8660254037844387,-0.4999999999999998,0.0,1.0,4.406963119963913
251,0.11961569010814442,4.17975744007023,0.8660254037844387,-0.4999999999999998,0.8660254037844386,0.5000000000000001,4.181592022453
252,0.0931905663835767,4.164336934042136,0.8660254037844387,-0.4999999999999998,0.8660254037844387,-0.4999999999999998,4.17975744007023
253,0.11145903342090792,4.3489867805956814,0.8660254037844387,-0.4999999999999998,1.2246467991473532e-16,-1.0,4.164336934042136
254,0.13957964196248548,4.251633170740286,0.8660254037844387,-0.4999999999999998,-0.8660254037844384,-0.5000000000000004,4.3489867805956814
255,0.2153723956742225,4.1640260854229085,0.8660254037844387,-0.4999999999999998,-0.8660254037844386,0.5000000000000001,4.251633170740286
256,0.16514938595955275,4.038303171338476,0.8660254037844387,-0.4999999999999998,-2.4492935982947064e-16,1.0,4.1640260854229085
257,0.17837722245982768,4.318021304697969,0.8660254037844387,-0.4999999999999998,0.0,1.0,4.038303171338476
258,0.22510234007454022,4.223030903183424,0.8660254037844387,-0.4999999999999998,0.8660254037844386,0.5000000000000001,4.318021304697969
259,0.147736298649722,4.1726935286330775,0.8660254037844387,-0.4999999999999998,0.8660254037844387,-0.4999999999999998,4.223030903183424
260,0.15515977271338668,4.069026754237811,0.8660254037844387,-0.4999999999999998,1.2246467991473532e-16,-1.0,4.1726935286330775
261,0.07987108205535529,4.033709523684745,0.8660254037844387,-0.4999999999999998,-0.8660254037844384,-0.5000000000000004,4.069026754237811
262,0.15757316551597725,4.340683671139499,0.8660254037844387,-0.4999999999999998,-0.8660254037844386,0.5000000000000001,4.033709523684745
263,0.14074051444980754,4.04567939024082,0.8660254037844387,-0.4999999999999998,-2.4492935982947064e-16,1.0,4.340683671139499
264,0.15920755178102278,3.841171264456195,0.8660254037844387,-0.4999999999999998,0.0,1.0,4.04567939024082
265,0.16039897354432697,3.8349259550431793,0.8660254037844387,-0.4999999999999998,0.8660254037844386,0.5000000000000001,3.841171264456195
266,0.1529754994806623,4.004784485509457,0.8660254037844387,-0.4999999999999998,0.8660254037844387,-0.4999999999999998,3.8349259550431793
267,0.15520559662735992,3.938080539747436,0.8660254037844387,-0.4999999999999998,1.2246467991473532e-16,-1.0,4.004784485509457
268,0.16133072646178284,3.9537405987800147,0.8660254037844387,-0.4999999999999998,-0.8660254037844384,-0.5000000000000004,3.938080539747436
269,0.16214028227531005,3.925531355452938,0.8660254037844387,-0.4999999999999998,-0.8660254037844386,0.5000000000000001,3.9537405987800147
270,0.187267061770636,3.8066624897703196,0.8660254037844387,-0.4999999999999998,-2.4492935982947064e-16,1.0,3.925531355452938
271,0.1276501496914523,3.786686514116848,0.8660254037844387,-0.4999999999999998,0.0,1.0,3.8066624897703196
272,0.1399309586362803,3.7010550300440697,0.8660254037844387,-0.4999999999999998,0.8660254037844386,0.5000000000000001,3.786686514116848
273,0.11779800818720595,3.9049983904911816,0.49999999999999994,-0.8660254037844387,0.8660254037844387,-0.4999999999999998,3.7010550300440697
274,0.1280167410032382,3.8372994592322094,0.49999999999999994,-0.8660254037844387,1.2246467991473532e-16,-1.0,3.9049983904911816
275,0.15369340746624305,3.7639869266007415,0.49999999999999994,-0.8660254037844387,-0.8660254037844384,-0.5000000000000004,3.8372994592322094
276,0.16737948310625037,3.6988297849671046,0.49999999999999994,-0.8660254037844387,-0.8660254037844386,0.5000000000000001,3.7639869266007415
277,0.1502718885562412,3.7198935076431057,0.49999999999999994,-0.8660254037844387,-2.4492935982947064e-16,1.0,3.6988297849671046
278,0.18422740881041116,3.7057365711803594,0.49999999999999994,-0.8660254037844387,0.0,1.0,3.7198935076431057
279,0.18493004215800085,3.7040143416982065,0.49999999999999994,-0.8660254037844387,0.8660254037844386,0.5000000000000001,3.7057365711803594
280,0.08964685036964623,3.5981338408071912,0.49999999999999994,-0.8660254037844387,0.8660254037844387,-0.4999999999999998,3.7040143416982065
281,0.07912262479379238,3.8031005982039594,0.49999999999999994,-0.8660254037844387,1.2246467991473532e-16,-1.0,3.5981338408071912
282,0.11817987413698294,3.6117283949255214,0.49999999999999994,-0.8660254037844387,-0.8660254037844384,-0.5000000000000004,3.8031005982039594
283,0.12743630475957718,3.606312730456974,0.49999999999999994,-0.8660254037844387,-0.8660254037844386,0.5000000000000001,3.6117283949255214
284,0.16693651860450906,3.580737295494233,0.49999999999999994,-0.8660254037844387,-2.4492935982947064e-16,1.0,3.606312730456974
285,0.2062381621555569,3.816392774412896,0.49999999999999994,-0.8660254037844387,0.0,1.0,3.580737295494233
286,0.1767122869188,3.9104217240611723,0.49999999999999994,-0.8660254037844387,0.8660254037844386,0.5000000000000001,3.816392774412896
287,0.1225484206024317,3.8053282667571833,0.49999999999999994,-0.8660254037844387,0.8660254037844387,-0.4999999999999998,3.9104217240611723
288,0.13188122441498135,3.917209532115446,0.49999999999999994,-0.8660254037844387,1.2246467991473532e-16,-1.0,3.8053282667571833
289,0.12729883301765746,3.917209532115446,0.49999999999999994,-0.8660254037844387,-0.8660254037844384,-0.5000000000000004,3.917209532115446
290,0.11349056027372151,3.795938526407344,0.49999999999999994,-0.8660254037844387,-0.8660254037844386,0.5000000000000001,3.917209532115446
291,0.10646422679782488,3.780774718818192,0.49999999999999994,-0.8660254037844387,-2.4492935982947064e-16,1.0,3.795938526407344
292,0.13550131361886722,3.7914360424390283,0.49999999999999994,-0.8660254037844387,0.0,1.0,3.780774718818192
293,0.1803782000366591,3.713572066704308,0.49999999999999994,-0.8660254037844387,0.8660254037844386,0.5000000000000001,3.7914360424390283
294,0.15696217999633408,3.666889436222321,0.49999999999999994,-0.8660254037844387,0.8660254037844387,-0.4999999999999998,3.713572066704308
295,0.1418097391091831,3.6911269266544156,0.49999999999999994,-0.8660254037844387,1.2246467991473532e-16,-1.0,3.666889436222321
296,0.19213967128979043,3.5536323047059106,0.49999999999999994,-0.8660254037844387,-0.8660254037844384,-0.5000000000000004,3.6911269266544156
297,0.14715586240606096,3.573468602602609,0.49999999999999994,-0.8660254037844387,-0.8660254037844386,0.5000000000000001,3.5536323047059106
298,0.1610557829779434,3.494080375808869,0.49999999999999994,-0.8660254037844387,-2.4492935982947064e-16,1.0,3.573468602602609
299,0.13996150791226247,3.6516966629862204,0.49999999999999994,-0.8660254037844387,0.0,1.0,3.494080375808869
300,0.149080466792937,3.628598523229006,0.49999999999999994,-0.8660254037844387,0.8660254037844386,0.5000000000000001,3.6516966629862204
301,0.14410093480784505,3.4772320679381528,0.49999999999999994,-0.8660254037844387,0.8660254037844387,-0.4999999999999998,3.628598523229006
302,0.1163316429400623,3.4394560937792455,0.49999999999999994,-0.8660254037844387,1.2246467991473532e-16,-1.0,3.4772320679381528
303,0.17219099407344043,3.848444023785275,0.49999999999999994,-0.8660254037844387,-0.8660254037844384,-0.5000000000000004,3.4394560937792455
304,0.20819331581841508,3.6916256797819615,1.2246467991473532e-16,-1.0,-0.8660254037844386,0.5000000000000001,3.848444023785275
305,0.19594305614956925,4.004237489415957,1.2246467991473532e-16,-1.0,-2.4492935982947064e-16,1.0,3.6916256797819615
306,0.19601942933952463,4.00314259879563,1.2246467991473532e-16,-1.0,0.0,1.0,4.004237489415957
307,0.15401417486405572,3.6259396543400624,1.2246467991473532e-16,-1.0,0.8660254037844386,0.5000000000000001,4.00314259879563
308,0.1385104173031099,3.349904087274605,1.2246467991473532e-16,-1.0,0.8660254037844387,-0.4999999999999998,3.6259396543400624
309,0.11819514877497403,3.2950958507796098,1.2246467991473532e-16,-1.0,1.2246467991473532e-16,-1.0,3.349904087274605
310,0.11184089937068491,3.343568268825519,1.2246467991473532e-16,-1.0,-0.8660254037844384,-0.5000000000000004,3.2950958507796098
311,0.12739048084560395,3.4691675081014224,1.2246467991473532e-16,-1.0,-0.8660254037844386,0.5000000000000001,3.343568268825519
312,0.16557707582330297,3.548467300397191,1.2246467991473532e-16,-1.0,-2.4492935982947064e-16,1.0,3.4691675081014224
313,0.14219160505896009,3.529297384289471,1.2246467991473532e-16,-1.0,0.0,1.0,3.548467300397191
314,0.10835828190871875,3.6152329139456376,1.2246467991473532e-16,-1.0,0.8660254037844386,0.5000000000000001,3.529297384289471
315,0.10490621372273476,3.3717685709713434,1.2246467991473532e-16,-1.0,0.8660254037844387,-0.4999999999999998,3.6152329139456376
316,0.08503390969634018,4.217888748313555,1.2246467991473532e-16,-1.0,1.2246467991473532e-16,-1.0,3.3717685709713434
317,0.10382171442536811,4.173309766520395,1.2246467991473532e-16,-1.0,-0.8660254037844384,-0.5000000000000004,4.217888748313555
318,0.12117370318323455,3.9642358768750805,1.2246467991473532e-16,-1.0,-0.8660254037844386,0.5000000000000001,4.173309766520395
319,0.13478340563328647,3.832113622199844,1.2246467991473532e-16,-1.0,-2.4492935982947064e-16,1.0,3.9642358768750805
320,0.05372090181462699,3.8991403795971324,1.2246467991473532e-16,-1.0,0.0,1.0,3.832113622199844
321,0.06363414187083766,4.367166771766858,1.2246467991473532e-16,-1.0,0.8660254037844386,0.5000000000000001,3.8991403795971324
322,0.09364880552330909,4.127134385045092,1.2246467991473532e-16,-1.0,0.8660254037844387,-0.4999999999999998,4.367166771766858
323,0.07770208346062198,4.51906748693468,1.2246467991473532e-16,-1.0,1.2246467991473532e-16,-1.0,4.127134385045092
324,0.05958636280320156,4.5224405383890955,1.2246467991473532e-16,-1.0,-0.8660254037844384,-0.5000000000000004,4.51906748693468
325,0.09053277937312885,4.3943256902608985,1.2246467991473532e-16,-1.0,-0.8660254037844386,0.5000000000000001,4.5224405383890955
326,0.11773690963524164,4.476654763752664,1.2246467991473532e-16,-1.0,-2.4492935982947064e-16,1.0,4.3943256902608985
327,0.09995723101362497,4.332573750954351,1.2246467991473532e-16,-1.0,0.0,1.0,4.476654763752664
328,0.18784749801429704,4.999169815986978,1.2246467991473532e-16,-1.0,0.8660254037844386,0.5000000000000001,4.332573750954351
329,0.2592564306225942,4.700298531079668,1.2246467991473532e-16,-1.0,0.8660254037844387,-0.4999999999999998,4.999169815986978
330,0.27306470336653016,4.676373944994423,1.2246467991473532e-16,-1.0,1.2246467991473532e-16,-1.0,4.700298531079668
331,0.1882599132400562,4.612344389736092,1.2246467991473532e-16,-1.0,-0.8660254037844384,-0.5000000000000004,4.676373944994423
332,0.19265900898148713,4.549551762225079,1.2246467991473532e-16,-1.0,-0.8660254037844386,0.5000000000000001,4.612344389736092
333,0.14695729211217692,4.477336814478207,1.2246467991473532e-16,-1.0,-2.4492935982947064e-16,1.0,4.549551762225079
334,0.11556791104050833,4.434619084793052,-0.4999999999999997,-0.8660254037844388,0.0,1.0,4.477336814478207
335,0.12595466487444246,4.31748811353631,-0.4999999999999997,-0.8660254037844388,0.8660254037844386,0.5000000000000001,4.434619084793052
336,0.1612085293578542,4.317221411307766,-0.4999999999999997,-0.8660254037844388,0.8660254037844387,-0.4999999999999998,4.31748811353631
337,0.13747174191971648,4.035478809355064,-0.4999999999999997,-0.8660254037844388,1.2246467991473532e-16,-1.0,4.317221411307766
338,0.11805767703305431,4.4942386252808095,-0.4999999999999997,-0.8660254037844388,-0.8660254037844384,-0.5000000000000004,4.035478809355064
339,0.0814290951304454,4.9215125989330835,-0.4999999999999997,-0.8660254037844388,-0.8660254037844386,0.5000000000000001,4.4942386252808095
340,0.12015030243783222,4.944922750730875,-0.4999999999999997,-0.8660254037844388,-2.4492935982947064e-16,1.0,4.9215125989330835
341,0.10925948555019245,4.604069580544058,-0.4999999999999997,-0.8660254037844388,0.0,1.0,4.944922750730875
342,0.11028288629559478,4.597339606872903,-0.4999999999999997,-0.8660254037844388,0.8660254037844386,0.5000000000000001,4.604069580544058
343,0.11277265228814076,4.390862483336281,-0.4999999999999997,-0.8660254037844388,0.8660254037844387,-0.4999999999999998,4.597339606872903
344,0.11984480967801062,4.995995317356741,-0.4999999999999997,-0.8660254037844388,1.2246467991473532e-16,-1.0,4.390862483336281
345,0.10328710209568033,4.785907154651808,-0.4999999999999997,-0.8660254037844388,-0.8660254037844384,-0.5000000000000004,4.995995317356741
346,0.1035314963035376,4.781473670456483,-0.4999999999999997,-0.8660254037844388,-0.8660254037844386,0.5000000000000001,4.785907154651808
347,0.0947638540966579,4.968979618827423,-0.4999999999999997,-0.8660254037844388,-2.4492935982947064e-16,1.0,4.781473670456483
348,0.08989124457750351,4.928412433838423,-0.4999999999999997,-0.8660254037844388,0.0,1.0,4.968979618827423
349,0.08423962852080405,4.888768933002236,-0.4999999999999997,-0.8660254037844388,0.8660254037844386,0.5000000000000001,4.928412433838423
350,0.05784505407221849,4.842137743895371,-0.4999999999999997,-0.8660254037844388,0.8660254037844387,-0.4999999999999998,4.888768933002236
351,0.035101118103500945,4.765331338112032,-0.4999999999999997,-0.8660254037844388,1.2246467991473532e-16,-1.0,4.842137743895371
352,0.0360328710209568,4.995589335890984,-0.4999999999999997,-0.8660254037844388,-0.8660254037844384,-0.5000000000000004,4.765331338112032
353,0.04780961691207918,4.512835574785296,-0.4999999999999997,-0.8660254037844388,-0.8660254037844386,0.5000000000000001,4.995589335890984
354,0.045564245127390476,5.433241538804557,-0.4999999999999997,-0.8660254037844388,-2.4492935982947064e-16,1.0,4.512835574785296
355,0.08735565467098429,5.295262705818808,-0.4999999999999997,-0.8660254037844388,0.0,1.0,5.433241538804557
356,0.10896926742836194,5.239575346524274,-0.4999999999999997,-0.8660254037844388,0.8660254037844386,0.5000000000000001,5.295262705818808
357,0.09684120486344473,5.159400067361368,-0.4999999999999997,-0.8660254037844388,0.8660254037844387,-0.4999999999999998,5.239575346524274
358,0.05274332498319789,5.158767901597951,-0.4999999999999997,-0.8660254037844388,1.2246467991473532e-16,-1.0,5.159400067361368
359,0.0418066841815849,5.1282405361705194,-0.4999999999999997,-0.8660254037844388,-0.8660254037844384,-0.5000000000000004,5.158767901597951
360,0.04463249220993462,5.107096326567049,-0.4999999999999997,-0.8660254037844388,-0.8660254037844386,0.5000000000000001,5.1282405361705194
361,0.07376122685892345,5.261394012443439,-0.4999999999999997,-0.8660254037844388,-2.4492935982947064e-16,1.0,5.107096326567049
362,0.08616423290768008,5.383439459964859,-0.4999999999999997,-0.8660254037844388,0.0,1.0,5.261394012443439
363,0.09212134172420113,5.345010094540019,-0.4999999999999997,-0.8660254037844388,0.8660254037844386,0.5000000000000001,5.383439459964859
364,0.05937251787132645,5.177617581310252,-0.4999999999999997,-0.8660254037844388,0.8660254037844387,-0.4999999999999998,5.345010094540019
365,0.07046190505285024,5.346440641729765,-0.8660254037844384,-0.5000000000000004,1.2246467991473532e-16,-1.0,5.177617581310252
366,0.0734099101851286,5.630315322774329,-0.8660254037844384,-0.5000000000000004,-0.8660254037844384,-0.5000000000000004,5.346440641729765
367,0.09548176208223864,5.561950056992292,-0.8660254037844384,-0.5000000000000004,-0.8660254037844386,0.5000000000000001,5.630315322774329
368,0.09691757805340012,4.995724681360501,-0.8660254037844384,-0.5000000000000004,-2.4492935982947064e-16,1.0,5.561950056992292
369,0.09639824036170341,5.003946305945459,-0.8660254037844384,-0.5000000000000004,0.0,1.0,4.995724681360501
370,0.12079183723345756,5.250806383876985,-0.8660254037844384,-0.5000000000000004,0.8660254037844386,0.5000000000000001,5.003946305945459
371,0.1030885318017963,5.250491737065432,-0.8660254037844384,-0.5000000000000004,0.8660254037844387,-0.4999999999999998,5.250806383876985
372,0.0906397018390664,5.357859049256352,-0.8660254037844384,-0.5000000000000004,1.2246467991473532e-16,-1.0,5.250491737065432
373,0.08665302132339463,5.485750835228167,-0.8660254037844384,-0.5000000000000004,-0.8660254037844384,-0.5000000000000004,5.357859049256352
374,0.09418341785299687,5.485667923363432,-0.8660254037844384,-0.5000000000000004,-0.8660254037844386,0.5000000000000001,5.485750835228167
375,0.12126535101118102,5.185148668442399,-0.8660254037844384,-0.5000000000000004,-2.4492935982947064e-16,1.0,5.485667923363432
376,0.1213569988391275,5.1479594849594745,-0.8660254037844384,-0.5000000000000004,0.0,1.0,5.185148668442399
377,0.0751359442781206,5.153002535383178,-0.8660254037844384,-0.5000000000000004,0.8660254037844386,0.5000000000000001,5.1479594849594745
378,0.11610252337019612,5.006694204862994,-0.8660254037844384,-0.5000000000000004,0.8660254037844387,-0.4999999999999998,5.153002535383178
379,0.16421763304209688,5.005689751703241,-0.8660254037844384,-0.5000000000000004,1.2246467991473532e-16,-1.0,5.006694204862994
380,0.18176819209384737,4.9245689249914415,-0.8660254037844384,-0.5000000000000004,-0.8660254037844384,-0.5000000000000004,5.005689751703241
381,0.09309891855563023,5.073547493489243,-0.8660254037844384,-0.5000000000000004,-0.8660254037844386,0.5000000000000001,4.9245689249914415
382,0.13979348689436058,4.999843943018035,-0.8660254037844384,-0.5000000000000004,-2.4492935982947064e-16,1.0,5.073547493489243
383,0.14095435938168263,4.9786629148529835,-0.8660254037844384,-0.5000000000000004,0.0,1.0,4.999843943018035
384,0.1379910796114132,4.9101517555179335,-0.8660254037844384,-0.5000000000000004,0.8660254037844386,0.5000000000000001,4.9786629148529835
385,0.125481151096719,4.926746310087428,-0.8660254037844384,-0.5000000000000004,0.8660254037844387,-0.4999999999999998,4.9101517555179335
386,0.1942628459705505,4.791483764051583,-0.8660254037844384,-0.5000000000000004,1.2246467991473532e-16,-1.0,4.926746310087428
387,0.16049062137227346,4.785406236291025,-0.8660254037844384,-0.5000000000000004,-0.8660254037844384,-0.5000000000000004,4.791483764051583
388,0.12184578725484205,5.191733881145253,-0.8660254037844384,-0.5000000000000004,-0.8660254037844386,0.5000000000000001,4.785406236291025
389,0.18957284066277094,4.806892516840044,-0.8660254037844384,-0.5000000000000004,-2.4492935982947064e-16,1.0,5.191733881145253
390,0.18957284066277094,4.806892516840044,-0.8660254037844384,-0.5000000000000004,0.0,1.0,4.806892516840044
391,0.12181523797885989,5.041035166487339,-0.8660254037844384,-0.5000000000000004,0.8660254037844386,0.5000000000000001,4.806892516840044
392,0.15114254292173274,4.768393867090105,-0.8660254037844384,-0.5000000000000004,0.8660254037844387,-0.4999999999999998,5.041035166487339
393,0.12230402639457444,4.759692225424263,-0.8660254037844384,-0.5000000000000004,1.2246467991473532e-16,-1.0,4.768393867090105
394,0.24075884401539682,4.605070180987758,-0.8660254037844384,-0.5000000000000004,-0.8660254037844384,-0.5000000000000004,4.759692225424263
395,0.23040263945744482,4.605270180988425,-0.8660254037844384,-0.5000000000000004,-0.8660254037844386,0.5000000000000001,4.605070180987758
396,0.21366163621922157,4.595927604621159,-1.0,-1.8369701987210297e-16,-2.4492935982947064e-16,1.0,4.605270180988425
397,0.1279556424512739,5.277961586290963,-1.0,-1.8369701987210297e-16,0.0,1.0,4.595927604621159
398,0.13233946355471374,4.9346897371814515,-1.0,-1.8369701987210297e-16,0.8660254037844386,0.5000000000000001,5.277961586290963
399,0.19493493004215798,4.653960350157523,-1.0,-1.8369701987210297e-16,0.8660254037844387,-0.4999999999999998,4.9346897371814515
400,0.160780839494104,4.648995665528121,-1.0,-1.8369701987210297e-16,1.2246467991473532e-16,-1.0,4.653960350157523
401,0.1644467526119631,4.638121286127777,-1.0,-1.8369701987210297e-16,-0.8660254037844384,-0.5000000000000004,4.648995665528121
402,0.1540905480540111,4.441709636835055,-1.0,-1.8369701987210297e-16,-0.8660254037844386,0.5000000000000001,4.638121286127777
403,0.10909146453229057,4.493679809954728,-1.0,-1.8369701987210297e-16,-2.4492935982947064e-16,1.0,4.441709636835055
404,0.09377100262723773,4.507667604626853,-1.0,-1.8369701987210297e-16,0.0,1.0,4.493679809954728
405,0.11523186900470458,5.046581420869725,-1.0,-1.8369701987210297e-16,0.8660254037844386,0.5000000000000001,4.507667604626853
406,0.1570843771002627,4.873057631111693,-1.0,-1.8369701987210297e-16,0.8660254037844387,-0.4999999999999998,5.046581420869725
407,0.10049184334331275,4.817131447899731,-1.0,-1.8369701987210297e-16,1.2246467991473532e-16,-1.0,4.873057631111693
408,0.08596566261379604,4.602767301371781,-1.0,-1.8369701987210297e-16,-0.8660254037844384,-0.5000000000000004,4.817131447899731
409,0.07658703488727317,4.602466534413777,-1.0,-1.8369701987210297e-16,-0.8660254037844386,0.5000000000000001,4.602767301371781
410,0.1054102767764404,4.584763376210429,-1.0,-1.8369701987210297e-16,-2.4492935982947064e-16,1.0,4.602466534413777
411,0.097085599071302,4.570268133978827,-1.0,-1.8369701987210297e-16,0.0,1.0,4.584763376210429
412,0.09450418525080954,4.379272846477261,-1.0,-1.8369701987210297e-16,0.8660254037844386,0.5000000000000001,4.570268133978827
413,0.08278853791165149,4.544783035972996,-1.0,-1.8369701987210297e-16,0.8660254037844387,-0.4999999999999998,4.379272846477261
414,0.0759607747296389,4.52720864451838,-1.0,-1.8369701987210297e-16,1.2246467991473532e-16,-1.0,4.544783035972996
415,0.08168876397629375,4.4836802884003815,-1.0,-1.8369701987210297e-16,-0.8660254037844384,-0.5000000000000004,4.52720864451838
416,0.124136982953504,4.382276603429089,-1.0,-1.8369701987210297e-16,-0.8660254037844386,0.5000000000000001,4.4836802884003815
417,0.08176513716624915,4.453300236649965,-1.0,-1.8369701987210297e-16,-2.4492935982947064e-16,1.0,4.382276603429089
418,0.0705688275187878,4.609759638321899,-1.0,-1.8369701987210297e-16,0.0,1.0,4.453300236649965
419,0.09745219038308792,4.705377446405117,-1.0,-1.8369701987210297e-16,0.8660254037844386,0.5000000000000001,4.609759638321899
420,0.09114376489277204,4.702931903770587,-1.0,-1.8369701987210297e-16,0.8660254037844387,-0.4999999999999998,4.705377446405117
421,0.0623968961935602,4.539884719289462,-1.0,-1.8369701987210297e-16,1.2246467991473532e-16,-1.0,4.702931903770587
422,0.09804790126474001,4.488861063587708,-1.0,-1.8369701987210297e-16,-0.8660254037844384,-0.5000000000000004,4.539884719289462
423,0.09942261868393719,4.48874872297084,-1.0,-1.8369701987210297e-16,-0.8660254037844386,0.5000000000000001,4.488861063587708
424,0.09144925765259362,4.380901001386372,-1.0,-1.8369701987210297e-16,-2.4492935982947064e-16,1.0,4.48874872297084
425,0.06563511944766909,4.300952144896211,-1.0,-1.8369701987210297e-16,0.0,1.0,4.380901001386372
426,0.11159650516282764,4.576359104133972,-0.8660254037844386,0.5000000000000001,0.8660254037844386,0.5000000000000001,4.300952144896211
427,0.12526730616484388,4.4398237334000985,-0.8660254037844386,0.5000000000000001,0.8660254037844387,-0.4999999999999998,4.576359104133972
428,0.11634691757805339,4.510419849442281,-0.8660254037844386,0.5000000000000001,1.2246467991473532e-16,-1.0,4.4398237334000985
429,0.12311358220810166,4.225372824628505,-0.8660254037844386,0.5000000000000001,-0.8660254037844384,-0.5000000000000004,4.510419849442281
430,0.10466181951487749,4.248638088989106,-0.8660254037844386,0.5000000000000001,-0.8660254037844386,0.5000000000000001,4.225372824628505
431,0.07625099285146941,4.425684604013345,-0.8660254037844386,0.5000000000000001,-2.4492935982947064e-16,1.0,4.248638088989106
432,0.07200464348994928,4.421728001525434,-0.8660254037844386,0.5000000000000001,0.0,1.0,4.425684604013345
433,0.09421396712897903,4.759177998467439,-0.8660254037844386,0.5000000000000001,0.8660254037844386,0.5000000000000001,4.421728001525434
434,0.13449318751145597,4.659658371272161,-0.8660254037844386,0.5000000000000001,0.8660254037844387,-0.4999999999999998,4.759177998467439
435,0.14498686381132767,4.485147143388361,-0.8660254037844386,0.5000000000000001,1.2246467991473532e-16,-1.0,4.659658371272161
436,0.1454756522270422,4.484470400750307,-0.8660254037844386,0.5000000000000001,-0.8660254037844384,-0.5000000000000004,4.485147143388361
437,0.10721268405938779,4.3410744233424525,-0.8660254037844386,0.5000000000000001,-0.8660254037844386,0.5000000000000001,4.484470400750307
438,0.08042096902303415,4.609560534289384,-0.8660254037844386,0.5000000000000001,-2.4492935982947064e-16,1.0,4.3410744233424525
439,0.07125618622838638,4.609958702719888,-0.8660254037844386,0.5000000000000001,0.0,1.0,4.609560534289384
440,0.1104967312274699,4.938136283280016,-0.8660254037844386,0.5000000000000001,0.8660254037844386,0.5000000000000001,4.609958702719888
441,0.1299871693040875,4.677211738853062,-0.8660254037844386,0.5000000000000001,0.8660254037844387,-0.4999999999999998,4.938136283280016
442,0.11156595588684547,4.681575517190497,-0.8660254037844386,0.5000000000000001,1.2246467991473532e-16,-1.0,4.677211738853062
443,0.10545610069041363,4.463491407656154,-0.8660254037844386,0.5000000000000001,-0.8660254037844384,-0.5000000000000004,4.681575517190497
444,0.12922343740453351,4.433551152327272,-0.8660254037844386,0.5000000000000001,-0.8660254037844386,0.5000000000000001,4.463491407656154
445,0.10307325716380521,4.977423159890142,-0.8660254037844386,0.5000000000000001,-2.4492935982947064e-16,1.0,4.433551152327272
446,0.13870898759699393,4.731009570827239,-0.8660254037844386,0.5000000000000001,0.0,1.0,4.977423159890142
447,0.13440153968350949,4.47403591796329,-0.8660254037844386,0.5000000000000001,0.8660254037844386,0.5000000000000001,4.731009570827239
448,0.12792509317529174,4.484921613391916,-0.8660254037844386,0.5000000000000001,0.8660254037844387,-0.4999999999999998,4.47403591796329
449,0.12661147430805889,4.487624622133048,-0.8660254037844386,0.5000000000000001,1.2246467991473532e-16,-1.0,4.484921613391916
450,0.09537483961630108,4.447697327163527,-0.8660254037844386,0.5000000000000001,-0.8660254037844384,-0.5000000000000004,4.487624622133048
451,0.12370929308975376,4.436988192747856,-0.8660254037844386,0.5000000000000001,-0.8660254037844386,0.5000000000000001,4.447697327163527
452,0.12137227347711858,4.340553386467307,-0.8660254037844386,0.5000000000000001,-2.4492935982947064e-16,1.0,4.436988192747856
453,0.11200892038858679,4.37197629882038,-0.8660254037844386,0.5000000000000001,0.0,1.0,4.340553386467307
454,0.16994562228875174,4.304605487705297,-0.8660254037844386,0.5000000000000001,0.8660254037844386,0.5000000000000001,4.37197629882038
455,0.19745524531068612,4.35696520407851,-0.8660254037844386,0.5000000000000001,0.8660254037844387,-0.4999999999999998,4.304605487705297
456,0.2148530579825258,4.35259782398307,-0.8660254037844386,0.5000000000000001,1.2246467991473532e-16,-1.0,4.35696520407851
457,0.10175963829657236,4.272072250005828,-0.5000000000000004,0.8660254037844384,-0.8660254037844384,-0.5000000000000004,4.35259782398307
458,0.1381285513533329,4.258728418329388,-0.5000000000000004,0.8660254037844384,-0.8660254037844386,0.5000000000000001,4.272072250005828
459,0.1499663957964196,4.601764392853259,-0.5000000000000004,0.8660254037844384,-2.4492935982947064e-16,1.0,4.258728418329388
460,0.1676544265900898,4.6029677624328915,-0.5000000000000004,0.8660254037844384,0.0,1.0,4.601764392853259
461,0.18170709354188305,4.4921134636957945,-0.5000000000000004,0.8660254037844384,0.8660254037844386,0.5000000000000001,4.6029677624328915
462,0.16140709965173825,4.332311042427949,-0.5000000000000004,0.8660254037844384,0.8660254037844387,-0.4999999999999998,4.4921134636957945
463,0.11121463921305064,4.398514952178684,-0.5000000000000004,0.8660254037844384,1.2246467991473532e-16,-1.0,4.332311042427949
464,0.13844931875114558,4.3965457207730845,-0.5000000000000004,0.8660254037844384,-0.8660254037844384,-0.5000000000000004,4.398514952178684
465,0.1186533879147064,4.396052806406973,-0.5000000000000004,0.8660254037844384,-0.8660254037844386,0.5000000000000001,4.3965457207730845
466,0.10544082605242255,4.364117214130314,-0.5000000000000004,0.8660254037844384,-2.4492935982947064e-16,1.0,4.396052806406973
467,0.16873892588745645,4.3292849234158215,-0.5000000000000004,0.8660254037844384,0.0,1.0,4.364117214130314
468,0.15789393291378992,4.326117440234365,-0.5000000000000004,0.8660254037844384,0.8660254037844386,0.5000000000000001,4.3292849234158215
469,0.17883546159956007,4.289911345766076,-0.5000000000000004,0.8660254037844384,0.8660254037844387,-0.4999999999999998,4.326117440234365
470,0.15114254292173274,4.253056253376921,-0.5000000000000004,0.8660254037844384,1.2246467991473532e-16,-1.0,4.289911345766076
471,0.1942628459705505,4.1596640283427435,-0.5000000000000004,0.8660254037844384,-0.8660254037844384,-0.5000000000000004,4.253056253376921
472,0.14956925520865155,4.527316746783227,-0.5000000000000004,0.8660254037844384,-0.8660254037844386,0.5000000000000001,4.1596640283427435
473,0.14998167043441069,4.523743187292363,-0.5000000000000004,0.8660254037844384,-2.4492935982947064e-16,1.0,4.527316746783227
474,0.11898942995051016,4.4913293695643315,-0.5000000000000004,0.8660254037844384,0.0,1.0,4.523743187292363
475,0.09351133378138937,4.4695795316817435,-0.5000000000000004,0.8660254037844384,0.8660254037844386,0.5000000000000001,4.4913293695643315
476,0.11488055233090975,4.61512051684126,-0.5000000000000004,0.8660254037844384,0.8660254037844387,-0.4999999999999998,4.4695795316817435
477,0.12890267000672084,4.441591872011272,-0.5000000000000004,0.8660254037844384,1.2246467991473532e-16,-1.0,4.61512051684126
478,0.09561923382415836,4.523309159507771,-0.5000000000000004,0.8660254037844384,-0.8660254037844384,-0.5000000000000004,4.441591872011272
479,0.06276348750534612,4.417273114860951,-0.5000000000000004,0.8660254037844384,-0.8660254037844386,0.5000000000000001,4.523309159507771
480,0.05000916478279464,4.428910220572732,-0.5000000000000004,0.8660254037844384,-2.4492935982947064e-16,1.0,4.417273114860951
481,0.05702022362070019,4.357221515754911,-0.5000000000000004,0.8660254037844384,0.0,1.0,4.428910220572732
482,0.0636035925948555,4.35939751661352,-0.5000000000000004,0.8660254037844384,0.8660254037844386,0.5000000000000001,4.357221515754911
483,0.08895949166004766,4.902010196224638,-0.5000000000000004,0.8660254037844384,0.8660254037844387,-0.4999999999999998,4.35939751661352
484,0.15036353638418767,4.668051084027292,-0.5000000000000004,0.8660254037844384,1.2246467991473532e-16,-1.0,4.902010196224638
485,0.15106616973177733,4.507336825639328,-0.5000000000000004,0.8660254037844384,-0.8660254037844384,-0.5000000000000004,4.668051084027292
486,0.13542494042891182,4.47688216568656,-0.5000000000000004,0.8660254037844384,-0.8660254037844386,0.5000000000000001,4.507336825639328
487,0.13667746074418036,4.4942386252808095,-2.4492935982947064e-16,1.0,-2.4492935982947064e-16,1.0,4.47688216568656
488,0.14643795442048022,4.491889499529125,-2.4492935982947064e-16,1.0,0.0,1.0,4.4942386252808095
489,0.12768069896743445,4.430459592195472,-2.4492935982947064e-16,1.0,0.8660254037844386,0.5000000000000001,4.491889499529125
490,0.10935113337813893,4.314416735011824,-2.4492935982947064e-16,1.0,0.8660254037844387,-0.4999999999999998,4.430459592195472
491,0.15670251115048572,4.4942386252808095,-2.4492935982947064e-16,1.0,1.2246467991473532e-16,-1.0,4.314416735011824
492,0.21471558624060608,4.4286716424969255,-2.4492935982947064e-16,1.0,-0.8660254037844384,-0.5000000000000004,4.4942386252808095
493,0.20364147369707336,4.4179968784631125,-2.4492935982947064e-16,1.0,-0.8660254037844386,0.5000000000000001,4.4286716424969255
494,0.09757438748701655,4.382901252084542,-2.4492935982947064e-16,1.0,-2.4492935982947064e-16,1.0,4.4179968784631125
495,0.15943667135088896,4.526451601276686,-2.4492935982947064e-16,1.0,0.0,1.0,4.382901252084542
496,0.22050467403922525,4.452368595730128,-2.4492935982947064e-16,1.0,0.8660254037844386,0.5000000000000001,4.526451601276686
497,0.26923076923076916,4.415944852877343,-2.4492935982947064e-16,1.0,0.8660254037844387,-0.4999999999999998,4.452368595730128
498,0.2599285146942017,4.413161863604593,-2.4492935982947064e-16,1.0,1.2246467991473532e-16,-1.0,4.415944852877343
499,0.39219160505896006,4.282482504337495,-2.4492935982947064e-16,1.0,-0.8660254037844384,-0.5000000000000004,4.413161863604593
500,0.3569988391275126,4.2761104090823325,-2.4492935982947064e-16,1.0,-0.8660254037844386,0.5000000000000001,4.282482504337495
501,0.30216288873953684,4.169915749069174,-2.4492935982947064e-16,1.0,-2.4492935982947064e-16,1.0,4.2761104090823325
502,0.31317590273110524,4.318154558079471,-2.4492935982947064e-16,1.0,0.0,1.0,4.169915749069174
503,0.3230891427873159,4.286891439558843,-2.4492935982947064e-16,1.0,0.8660254037844386,0.5000000000000001,4.318154558079471
504,0.3015824524958758,4.292512127466133,-2.4492935982947064e-16,1.0,0.8660254037844387,-0.4999999999999998,4.286891439558843
505,0.0901203641473697,4.235265253278478,-2.4492935982947064e-16,1.0,1.2246467991473532e-16,-1.0,4.292512127466133
506,0.23800940917700247,4.208565706312124,-2.4492935982947064e-16,1.0,-0.8660254037844384,-0.5000000000000004,4.235265253278478
507,0.21503635363841875,4.216562194946349,-2.4492935982947064e-16,1.0,-0.8660254037844386,0.5000000000000001,4.208565706312124
508,0.05845603959186167,4.424966385165138,-2.4492935982947064e-16,1.0,-2.4492935982947064e-16,1.0,4.216562194946349
509,0.06630720351927659,4.163870624870711,-2.4492935982947064e-16,1.0,0.0,1.0,4.424966385165138
510,0.0925948555019246,4.562784469491653,-2.4492935982947064e-16,1.0,0.8660254037844386,0.5000000000000001,4.163870624870711
511,0.24011730921977148,4.593097604753822,-2.4492935982947064e-16,1.0,0.8660254037844387,-0.4999999999999998,4.562784469491653
512,0.2546282153112971,4.561531728958262,-2.4492935982947064e-16,1.0,1.2246467991473532e-16,-1.0,4.593097604753822
513,0.26918494531679593,4.359013860364809,-2.4492935982947064e-16,1.0,-0.8660254037844384,-0.5000000000000004,4.561531728958262
514,0.2515274637991079,4.400234854322551,-2.4492935982947064e-16,1.0,-0.8660254037844386,0.5000000000000001,4.359013860364809
515,0.22789759882690777,4.355040769588895,-2.4492935982947064e-16,1.0,-2.4492935982947064e-16,1.0,4.400234854322551
516,0.24126290706910244,4.310799125385514,-2.4492935982947064e-16,1.0,0.0,1.0,4.355040769588895
517,0.2499847253620089,4.1705337005796475,-2.4492935982947064e-16,1.0,0.8660254037844386,0.5000000000000001,4.310799125385514
518,0.2056424512739048,4.175309921045206,0.49999999999999994,0.8660254037844387,0.8660254037844387,-0.4999999999999998,4.1705337005796475
519,0.1271308119997556,5.003140612333995,0.49999999999999994,0.8660254037844387,1.2246467991473532e-16,-1.0,4.175309921045206
520,0.12742103012158612,5.005890723065499,0.49999999999999994,0.8660254037844387,-0.8660254037844384,-0.5000000000000004,5.003140612333995
521,0.12651982648011242,4.875960390769654,0.49999999999999994,0.8660254037844387,-0.8660254037844386,0.5000000000000001,5.005890723065499
522,0.2353821714425368,4.476313563863087,0.49999999999999994,0.8660254037844387,-2.4492935982947064e-16,1.0,4.875960390769654
523,0.1940184517626932,4.423048609196803,0.49999999999999994,0.8660254037844387,0.0,1.0,4.476313563863087
524,0.195515366285819,4.47403591796329,0.49999999999999994,0.8660254037844387,0.8660254037844386,0.5000000000000001,4.423048609196803
525,0.29111932547198627,4.416428061391214,0.49999999999999994,0.8660254037844387,0.8660254037844387,-0.4999999999999998,4.47403591796329
526,0.2527341602004032,4.414372810713093,0.49999999999999994,0.8660254037844387,1.2246467991473532e-16,-1.0,4.416428061391214
527,0.1003849208773752,4.62173227428707,0.49999999999999994,0.8660254037844387,-0.8660254037844384,-0.5000000000000004,4.414372810713093
528,0.09144925765259362,4.6313251434649425,0.49999999999999994,0.8660254037844387,-0.8660254037844386,0.5000000000000001,4.62173227428707
529,0.24644100934807842,4.605070180987758,0.49999999999999994,0.8660254037844387,-2.4492935982947064e-16,1.0,4.6313251434649425
530,0.24644100934807842,4.605070180987758,0.49999999999999994,0.8660254037844387,0.0,1.0,4.605070180987758
531,0.16447730188794524,4.543401159590459,0.49999999999999994,0.8660254037844387,0.8660254037844386,0.5000000000000001,4.605070180987758
532,0.4825105395002138,4.96563792816552,0.49999999999999994,0.8660254037844387,0.8660254037844387,-0.4999999999999998,4.543401159590459
533,0.5594183417852997,4.582515495423285,0.49999999999999994,0.8660254037844387,1.2246467991473532e-16,-1.0,4.96563792816552
534,0.41527158306348133,4.3357208817973705,0.49999999999999994,0.8660254037844387,-0.8660254037844384,-0.5000000000000004,4.582515495423285
535,0.39675872181829286,4.2284382967028,0.49999999999999994,0.8660254037844387,-0.8660254037844386,0.5000000000000001,4.3357208817973705
536,0.43375389503268763,4.215676847389625,0.49999999999999994,0.8660254037844387,-2.4492935982947064e-16,1.0,4.2284382967028
537,0.5873251053950022,4.22156441223282,0.49999999999999994,0.8660254037844387,0.0,1.0,4.215676847389625
538,0.7512830695912507,4.2296036282257905,0.49999999999999994,0.8660254037844387,0.8660254037844386,0.5000000000000001,4.22156441223282
539,0.23273965907008,4.512396785835737,0.49999999999999994,0.8660254037844387,0.8660254037844387,-0.4999999999999998,4.2296036282257905
540,0.6346917578053399,4.351696284866048,0.49999999999999994,0.8660254037844387,1.2246467991473532e-16,-1.0,4.512396785835737
541,0.5722795869737887,4.393461012299545,0.49999999999999994,0.8660254037844387,-0.8660254037844384,-0.5000000000000004,4.351696284866048
542,0.7993370807111871,4.29592393562047,0.49999999999999994,0.8660254037844387,-0.8660254037844386,0.5000000000000001,4.393461012299545
543,0.9999999999999999,4.260706099437326,0.49999999999999994,0.8660254037844387,-2.4492935982947064e-16,1.0,4.29592393562047
544,0.9999999999999999,4.231639696410273,0.49999999999999994,0.8660254037844387,0.0,1.0,4.260706099437326
545,0.38557768680882254,4.532599493153256,0.49999999999999994,0.8660254037844387,0.8660254037844386,0.5000000000000001,4.231639696410273
546,0.5684456528380277,4.406719247264253,0.49999999999999994,0.8660254037844387,0.8660254037844387,-0.4999999999999998,4.532599493153256
547,0.4901784077717357,4.399498115585886,0.49999999999999994,0.8660254037844387,1.2246467991473532e-16,-1.0,4.406719247264253
548,0.42014419258263574,4.261693475213995,0.49999999999999994,0.8660254037844387,-0.8660254037844384,-0.5000000000000004,4.399498115585886
549,0.3904350216899859,4.261129379866926,0.8660254037844386,0.5000000000000001,-0.8660254037844386,0.5000000000000001,4.261693475213995
550,0.4445836133683631,4.3267781604434035,0.8660254037844386,0.5000000000000001,-2.4492935982947064e-16,1.0,4.261129379866926
551,0.40047045885012517,4.07753744390572,0.8660254037844386,0.5000000000000001,0.0,1.0,4.3267781604434035
552,0.4635241644773018,4.362588940781406,0.8660254037844386,0.5000000000000001,0.8660254037844386,0.5000000000000001,4.07753744390572
553,0.5319698173153296,4.36792771029438,0.8660254037844386,0.5000000000000001,0.8660254037844387,-0.4999999999999998,4.362588940781406
554,0.47675200097757675,4.106931677727572,0.8660254037844386,0.5000000000000001,1.2246467991473532e-16,-1.0,4.36792771029438
555,0.27456161788965594,4.246063716857944,0.8660254037844386,0.5000000000000001,-0.8660254037844384,-0.5000000000000004,4.106931677727572
556,0.3006048756644467,4.24763773163523,0.8660254037844386,0.5000000000000001,-0.8660254037844386,0.5000000000000001,4.246063716857944
557,0.3578236695790309,4.272072250005828,0.8660254037844386,0.5000000000000001,-2.4492935982947064e-16,1.0,4.24763773163523
558,0.41568399828924046,4.229749199228304,0.8660254037844386,0.5000000000000001,0.0,1.0,4.272072250005828
559,0.46228691880002437,4.216562194946349,0.8660254037844386,0.5000000000000001,0.8660254037844386,0.5000000000000001,4.229749199228304
560,0.4218244027616545,4.20484186198508,0.8660254037844386,0.5000000000000001,0.8660254037844387,-0.4999999999999998,4.216562194946349
561,0.5174130873098307,4.157788734778635,0.8660254037844386,0.5000000000000001,1.2246467991473532e-16,-1.0,4.20484186198508
562,0.6097788232418891,4.007333185232471,0.8660254037844386,0.5000000000000001,-0.8660254037844384,-0.5000000000000004,4.157788734778635
563,0.26304454084438195,4.406719247264253,0.8660254037844386,0.5000000000000001,-0.8660254037844386,0.5000000000000001,4.007333185232471
564,0.32095069346856475,4.406719247264253,0.8660254037844386,0.5000000000000001,-2.4492935982947064e-16,1.0,4.406719247264253
565,0.3221115659558868,4.248209486939542,0.8660254037844386,0.5000000000000001,0.0,1.0,4.406719247264253
566,0.4003177124702144,4.394449154672439,0.8660254037844386,0.5000000000000001,0.8660254037844386,0.5000000000000001,4.248209486939542
567,0.38728844626382347,4.3943256902608985,0.8660254037844386,0.5000000000000001,0.8660254037844387,-0.4999999999999998,4.394449154672439
568,0.37092930897537724,4.367166771766858,0.8660254037844386,0.5000000000000001,1.2246467991473532e-16,-1.0,4.3943256902608985
569,0.38606647522453713,4.356580613342406,0.8660254037844386,0.5000000000000001,-0.8660254037844384,-0.5000000000000004,4.367166771766858
570,0.1660658642390175,4.29714934254078,0.8660254037844386,0.5000000000000001,-0.8660254037844386,0.5000000000000001,4.356580613342406
571,0.294907435693774,4.248209486939542,0.8660254037844386,0.5000000000000001,-2.4492935982947064e-16,1.0,4.29714934254078
572,0.2996120241950265,4.246063716857944,0.8660254037844386,0.5000000000000001,0.0,1.0,4.248209486939542
573,0.23950632370012828,4.248209486939542,0.8660254037844386,0.5000000000000001,0.8660254037844386,0.5000000000000001,4.246063716857944
574,0.20267917150363535,4.230767603331745,0.8660254037844386,0.5000000000000001,0.8660254037844387,-0.4999999999999998,4.248209486939542
575,0.28032015641229296,4.233816607508695,0.8660254037844386,0.5000000000000001,1.2246467991473532e-16,-1.0,4.230767603331745
576,0.29839005315574013,4.233816607508695,0.8660254037844386,0.5000000000000001,-0.8660254037844384,-0.5000000000000004,4.233816607508695
577,0.378566627970917,4.3688147407016515,0.8660254037844386,0.5000000000000001,-0.8660254037844386,0.5000000000000001,4.233816607508695
578,0.3755117003727011,4.368307962532944,1.0,6.123233995736766e-17,-2.4492935982947064e-16,1.0,4.3688147407016515
579,0.3592442109122013,4.368307962532944,1.0,6.123233995736766e-17,0.0,1.0,4.368307962532944
580,0.32020223620700183,4.247208700523894,1.0,6.123233995736766e-17,0.8660254037844386,0.5000000000000001,4.368307962532944
581,0.2580191849453167,4.223030903183424,1.0,6.123233995736766e-17,0.8660254037844387,-0.4999999999999998,4.247208700523894
582,0.1789729333414798,4.083452121055677,1.0,6.123233995736766e-17,1.2246467991473532e-16,-1.0,4.223030903183424
583,0.28131300788171315,4.373742415086184,1.0,6.123233995736766e-17,-0.8660254037844384,-0.5000000000000004,4.083452121055677
584,0.3004521292845359,4.372228792193771,1.0,6.123233995736766e-17,-0.8660254037844386,0.5000000000000001,4.373742415086184
585,0.24075884401539682,4.378395048439832,1.0,6.123233995736766e-17,-2.4492935982947064e-16,1.0,4.372228792193771
586,0.24784627604325776,4.318021304697969,1.0,6.123233995736766e-17,0.0,1.0,4.378395048439832
587,0.22432333353699516,4.2487809155265195,1.0,6.123233995736766e-17,0.8660254037844386,0.5000000000000001,4.318021304697969
588,0.20067819392680392,4.605170185988092,1.0,6.123233995736766e-17,0.8660254037844387,-0.4999999999999998,4.2487809155265195
589,0.13189649905297243,4.3765114539857715,1.0,6.123233995736766e-17,1.2246467991473532e-16,-1.0,4.605170185988092
590,0.11767581108327732,4.428552332110815,1.0,6.123233995736766e-17,-0.8660254037844384,-0.5000000000000004,4.3765114539857715
591,0.25600293273049424,4.553876891600541,1.0,6.123233995736766e-17,-0.8660254037844386,0.5000000000000001,4.428552332110815
592,0.2253467342823975,4.545632473271895,1.0,6.123233995736766e-17,-2.4492935982947064e-16,1.0,4.553876891600541
593,0.2097513288935052,4.4913293695643315,1.0,6.123233995736766e-17,0.0,1.0,4.545632473271895
594,0.2104997861550681,4.437106500940836,1.0,6.123233995736766e-17,0.8660254037844386,0.5000000000000001,4.4913293695643315
595,0.16126962790981852,4.436159643253809,1.0,6.123233995736766e-17,0.8660254037844387,-0.4999999999999998,4.437106500940836
596,0.15438076617584162,4.92645626585365,1.0,6.123233995736766e-17,1.2246467991473532e-16,-1.0,4.436159643253809
597,0.18958880674528011,4.83413675060509,1.0,6.123233995736766e-17,-0.8660254037844384,-0.5000000000000004,4.92645626585365
598,0.13099529541149874,4.642080540008188,1.0,6.123233995736766e-17,-0.8660254037844386,0.5000000000000001,4.83413675060509
599,0.1469114681982037,4.691164379154952,1.0,6.123233995736766e-17,-2.4492935982947064e-16,1.0,4.642080540008188
600,0.1565803140465571,4.683056724645162,1.0,6.123233995736766e-17,0.0,1.0,4.691164379154952
601,0.1480265167715525,4.6418877689232545,1.0,6.123233995736766e-17,0.8660254037844386,0.5000000000000001,4.683056724645162
602,0.13070507728966824,4.573163389853005,1.0,6.123233995736766e-17,0.8660254037844387,-0.4999999999999998,4.6418877689232545
603,0.21323394635547135,4.48863636973214,1.0,6.123233995736766e-17,1.2246467991473532e-16,-1.0,4.573163389853005
604,0.17946172175719433,4.48863636973214,1.0,6.123233995736766e-17,-0.8660254037844384,-0.5000000000000004,4.48863636973214
605,0.16550070263334757,4.46579316951945,1.0,6.123233995736766e-17,-0.8660254037844386,0.5000000000000001,4.48863636973214
606,0.1904900103867538,4.866071842904903,1.0,6.123233995736766e-17,-2.4492935982947064e-16,1.0,4.46579316951945
607,0.17203824769352966,4.735671994052249,1.0,6.123233995736766e-17,0.0,1.0,4.866071842904903
608,0.1589631575731655,4.497362233353786,1.0,6.123233995736766e-17,0.8660254037844386,0.5000000000000001,4.735671994052249
609,0.22305553858373556,4.4760860325765535,0.8660254037844387,-0.4999999999999998,0.8660254037844387,-0.4999999999999998,4.497362233353786
610,0.20927781511578172,4.466367783107633,0.8660254037844387,-0.4999999999999998,1.2246467991473532e-16,-1.0,4.4760860325765535
611,0.19276593144742468,4.46579316951945,0.8660254037844387,-0.4999999999999998,-0.8660254037844384,-0.5000000000000004,4.466367783107633
612,0.11472780595099895,4.440884991680235,0.8660254037844387,-0.4999999999999998,-0.8660254037844386,0.5000000000000001,4.46579316951945
613,0.1454756522270422,4.541058240520847,0.8660254037844387,-0.4999999999999998,-2.4492935982947064e-16,1.0,4.440884991680235
614,0.170571882446386,4.498809169996681,0.8660254037844387,-0.4999999999999998,0.0,1.0,4.541058240520847
615,0.16320950693468564,4.501142115564043,0.8660254037844387,-0.4999999999999998,0.8660254037844386,0.5000000000000001,4.498809169996681
616,0.16591311785910673,4.7482310288287435,0.8660254037844387,-0.4999999999999998,0.8660254037844387,-0.4999999999999998,4.501142115564043
617,0.17457383760004885,4.701116527035301,0.8660254037844387,-0.4999999999999998,1.2246467991473532e-16,-1.0,4.7482310288287435
618,0.11430011608724873,4.653960350157523,0.8660254037844387,-0.4999999999999998,-0.8660254037844384,-0.5000000000000004,4.701116527035301
619,0.11714119875358953,4.496582245571192,0.8660254037844387,-0.4999999999999998,-0.8660254037844386,0.5000000000000001,4.653960350157523
620,0.08515610680026883,4.612145799724517,0.8660254037844387,-0.4999999999999998,-2.4492935982947064e-16,1.0,4.496582245571192
621,0.09847559112849025,4.553876891600541,0.8660254037844387,-0.4999999999999998,0.0,1.0,4.612145799724517
622,0.12030304881774301,4.558812062009942,0.8660254037844387,-0.4999999999999998,0.8660254037844386,0.5000000000000001,4.553876891600541
623,0.10021689985947332,4.529476341618891,0.8660254037844387,-0.4999999999999998,0.8660254037844387,-0.4999999999999998,4.558812062009942
624,0.10641840288385164,4.499809670330265,0.8660254037844387,-0.4999999999999998,1.2246467991473532e-16,-1.0,4.529476341618891
625,0.11375022911956986,4.499809670330265,0.8660254037844387,-0.4999999999999998,-0.8660254037844384,-0.5000000000000004,4.499809670330265
626,0.15931447424696032,4.456786180221833,0.8660254037844387,-0.4999999999999998,-0.8660254037844386,0.5000000000000001,4.499809670330265
627,0.21001099773935356,4.46579316951945,0.8660254037844387,-0.4999999999999998,-2.4492935982947064e-16,1.0,4.456786180221833
628,0.19878413881591003,4.4392336584434595,0.8660254037844387,-0.4999999999999998,0.0,1.0,4.46579316951945
629,0.16137655037575607,4.390490713086011,0.8660254037844387,-0.4999999999999998,0.8660254037844386,0.5000000000000001,4.4392336584434595
630,0.20064764465082174,4.382026634673881,0.8660254037844387,-0.4999999999999998,0.8660254037844387,-0.4999999999999998,4.390490713086011
631,0.20461905052850246,4.355554314342767,0.8660254037844387,-0.4999999999999998,1.2246467991473532e-16,-1.0,4.382026634673881
632,0.17471130934196857,4.3527265489623295,0.8660254037844387,-0.4999999999999998,-0.8660254037844384,-0.5000000000000004,4.355554314342767
633,0.1509439726278487,4.303794786404308,0.8660254037844387,-0.4999999999999998,-0.8660254037844386,0.5000000000000001,4.3527265489623295
634,0.17002199547870714,4.276666119016055,0.8660254037844387,-0.4999999999999998,-2.4492935982947064e-16,1.0,4.303794786404308
635,0.13128551353332926,4.254477313726906,0.8660254037844387,-0.4999999999999998,0.0,1.0,4.276666119016055
636,0.15373923138021628,4.2842759793301965,0.8660254037844387,-0.4999999999999998,0.8660254037844386,0.5000000000000001,4.254477313726906
637,0.16649355410276775,4.2916915584923006,0.8660254037844387,-0.4999999999999998,0.8660254037844387,-0.4999999999999998,4.2842759793301965
638,0.14911101606891916,4.274580612525034,0.8660254037844387,-0.4999999999999998,1.2246467991473532e-16,-1.0,4.2916915584923006
639,0.2135088898393108,4.385769620952716,0.49999999999999994,-0.8660254037844387,-0.8660254037844384,-0.5000000000000004,4.274580612525034
640,0.2772805034520681,4.300680995219929,0.49999999999999994,-0.8660254037844387,-0.8660254037844386,0.5000000000000001,4.385769620952716
641,0.3123816215555691,4.286616449869223,0.49999999999999994,-0.8660254037844387,-2.4492935982947064e-16,1.0,4.300680995219929
642,0.3159558868454817,4.256038151220088,0.49999999999999994,-0.8660254037844387,0.0,1.0,4.286616449869223
643,0.2269047473574876,4.07753744390572,0.49999999999999994,-0.8660254037844387,0.8660254037844386,0.5000000000000001,4.256038151220088
644,0.1597879880246838,4.164336934042136,0.49999999999999994,-0.8660254037844387,0.8660254037844387,-0.4999999999999998,4.07753744390572
645,0.2752184273232724,4.306898911982042,0.49999999999999994,-0.8660254037844387,1.2246467991473532e-16,-1.0,4.164336934042136
646,0.2780595099896132,4.204692619390966,0.49999999999999994,-0.8660254037844387,-0.8660254037844384,-0.5000000000000004,4.306898911982042
647,0.20906397018390663,4.10016094754354,0.49999999999999994,-0.8660254037844387,-0.8660254037844386,0.5000000000000001,4.204692619390966
648,0.2163499725056516,4.442651256490317,0.49999999999999994,-0.8660254037844387,-2.4492935982947064e-16,1.0,4.10016094754354
649,0.2970917089264984,4.306629370201435,0.49999999999999994,-0.8660254037844387,0.0,1.0,4.442651256490317
650,0.3639487994134538,4.223909766576744,0.49999999999999994,-0.8660254037844387,0.8660254037844386,0.5000000000000001,4.306629370201435
651,0.24298894116209444,4.0943445622221,0.49999999999999994,-0.8660254037844387,0.8660254037844387,-0.4999999999999998,4.223909766576744
652,0.19991446202724994,4.127134385045092,0.49999999999999994,-0.8660254037844387,1.2246467991473532e-16,-1.0,4.0943445622221
653,0.19430866988452372,4.122932019074013,0.49999999999999994,-0.8660254037844387,-0.8660254037844384,-0.5000000000000004,4.127134385045092
654,0.3728233640862711,4.321878461837604,0.49999999999999994,-0.8660254037844387,-0.8660254037844386,0.5000000000000001,4.122932019074013
655,0.3785055294189527,4.3209487851652915,0.49999999999999994,-0.8660254037844387,-2.4492935982947064e-16,1.0,4.321878461837604
656,0.21967984358770695,4.115942961774596,0.49999999999999994,-0.8660254037844387,0.0,1.0,4.3209487851652915
657,0.14998167043441069,4.1455128487965,0.49999999999999994,-0.8660254037844387,0.8660254037844386,0.5000000000000001,4.115942961774596
658,0.12962057799230156,4.180828022110238,0.49999999999999994,-0.8660254037844387,0.8660254037844387,-0.4999999999999998,4.1455128487965
659,0.20038797580497342,4.133725518945951,0.49999999999999994,-0.8660254037844387,1.2246467991473532e-16,-1.0,4.180828022110238
660,0.22580497342212988,4.106602459617603,0.49999999999999994,-0.8660254037844387,-0.8660254037844384,-0.5000000000000004,4.133725518945951
661,0.2208559907130201,4.094177881665002,0.49999999999999994,-0.8660254037844387,-0.8660254037844386,0.5000000000000001,4.106602459617603
662,0.26273904808456033,4.086480387165299,0.49999999999999994,-0.8660254037844387,-2.4492935982947064e-16,1.0,4.094177881665002
663,0.29814565894788286,4.094177881665002,0.49999999999999994,-0.8660254037844387,0.0,1.0,4.086480387165299
664,0.3752214822508706,4.30406509320417,0.49999999999999994,-0.8660254037844387,0.8660254037844386,0.5000000000000001,4.094177881665002
665,0.4934166310258446,4.257879641930999,0.49999999999999994,-0.8660254037844387,0.8660254037844387,-0.4999999999999998,4.30406509320417
666,0.4526027983136799,4.158570534521372,0.49999999999999994,-0.8660254037844387,1.2246467991473532e-16,-1.0,4.257879641930999
667,0.30676055477485176,4.143134726391533,0.49999999999999994,-0.8660254037844387,-0.8660254037844384,-0.5000000000000004,4.158570534521372
668,0.29092075517810223,4.0427003290697625,0.49999999999999994,-0.8660254037844387,-0.8660254037844386,0.5000000000000001,4.143134726391533
669,0.279556424512739,4.07753744390572,0.49999999999999994,-0.8660254037844387,-2.4492935982947064e-16,1.0,4.0427003290697625
670,0.43564795014358154,4.163715140146772,1.2246467991473532e-16,-1.0,0.0,1.0,4.07753744390572
671,0.43778639946233266,4.143293443953964,1.2246467991473532e-16,-1.0,0.8660254037844386,0.5000000000000001,4.163715140146772
672,0.4277356876642023,4.108411819433536,1.2246467991473532e-16,-1.0,0.8660254037844387,-0.4999999999999998,4.143293443953964
673,0.2943728233640862,4.225665179549459,1.2246467991473532e-16,-1.0,1.2246467991473532e-16,-1.0,4.108411819433536
674,0.3692185495203763,4.161691635681711,1.2246467991473532e-16,-1.0,-0.8660254037844384,-0.5000000000000004,4.225665179549459
675,0.377986191727256,4.125843229281472,1.2246467991473532e-16,-1.0,-0.8660254037844386,0.5000000000000001,4.161691635681711
676,0.3256400073318262,4.118223836012044,1.2246467991473532e-16,-1.0,-2.4492935982947064e-16,1.0,4.125843229281472
677,0.30845603959186163,4.075161742805327,1.2246467991473532e-16,-1.0,0.0,1.0,4.118223836012044
678,0.343450235229425,4.184946706904381,1.2246467991473532e-16,-1.0,0.8660254037844386,0.5000000000000001,4.075161742805327
679,0.45353455123113573,4.123579687490436,1.2246467991473532e-16,-1.0,0.8660254037844387,-0.4999999999999998,4.184946706904381
680,0.47114620883485053,4.0809215418899605,1.2246467991473532e-16,-1.0,1.2246467991473532e-16,-1.0,4.123579687490436
681,0.39078633836378074,4.07719840338713,1.2246467991473532e-16,-1.0,-0.8660254037844384,-0.5000000000000004,4.0809215418899605
682,0.5353302376733671,4.14059181338742,1.2246467991473532e-16,-1.0,-0.8660254037844386,0.5000000000000001,4.07719840338713
683,0.695316795991935,4.120499519698952,1.2246467991473532e-16,-1.0,-2.4492935982947064e-16,1.0,4.14059181338742
684,0.6403128245860573,4.00369019395397,1.2246467991473532e-16,-1.0,0.0,1.0,4.120499519698952
685,0.6226553430683692,4.023206534388761,1.2246467991473532e-16,-1.0,0.8660254037844386,0.5000000000000001,4.00369019395397
686,0.69071912995662,3.9889840465642745,1.2246467991473532e-16,-1.0,0.8660254037844387,-0.4999999999999998,4.023206534388761
687,0.564458972322356,3.983413001514819,1.2246467991473532e-16,-1.0,1.2246467991473532e-16,-1.0,3.9889840465642745
688,0.5490621372273476,3.9512437185814275,1.2246467991473532e-16,-1.0,-0.8660254037844384,-0.5000000000000004,3.983413001514819
689,0.5455336958514083,3.912023005428146,1.2246467991473532e-16,-1.0,-0.8660254037844386,0.5000000000000001,3.9512437185814275
690,0.5176880307936702,3.912023005428146,1.2246467991473532e-16,-1.0,-2.4492935982947064e-16,1.0,3.912023005428146
691,0.6304454084438198,3.8852682681193262,1.2246467991473532e-16,-1.0,0.0,1.0,3.912023005428146
692,0.6486833262051689,3.873697891106478,1.2246467991473532e-16,-1.0,0.8660254037844386,0.5000000000000001,3.8852682681193262
693,0.702236207001894,3.8236288546655506,1.2246467991473532e-16,-1.0,0.8660254037844387,-0.4999999999999998,3.873697891106478
694,0.3553033543105028,3.6888794541139363,1.2246467991473532e-16,-1.0,1.2246467991473532e-16,-1.0,3.8236288546655506
695,0.6009806317590273,3.6888794541139363,1.2246467991473532e-16,-1.0,-0.8660254037844384,-0.5000000000000004,3.6888794541139363
696,0.2994745524531068,3.6375861597263857,1.2246467991473532e-16,-1.0,-0.8660254037844386,0.5000000000000001,3.6888794541139363
697,0.4669762326632858,3.6375861597263857,1.2246467991473532e-16,-1.0,-2.4492935982947064e-16,1.0,3.6375861597263857
698,0.6787438137716135,3.8714093225428488,1.2246467991473532e-16,-1.0,0.0,1.0,3.6375861597263857
699,0.732373067758294,3.681351187693145,1.2246467991473532e-16,-1.0,0.8660254037844386,0.5000000000000001,3.8714093225428488
700,0.6868088226309036,3.6816030451431603,-0.4999999999999997,-0.8660254037844388,0.8660254037844387,-0.4999999999999998,3.681351187693145
701,0.6002932730494287,3.5553480614894135,-0.4999999999999997,-0.8660254037844388,1.2246467991473532e-16,-1.0,3.6816030451431603
702,0.41412598521415034,3.804215052793841,-0.4999999999999997,-0.8660254037844388,-0.8660254037844384,-0.5000000000000004,3.5553480614894135
703,0.5790462516038369,3.713572066704308,-0.4999999999999997,-0.8660254037844388,-0.8660254037844386,0.5000000000000001,3.804215052793841
704,0.583659192277143,3.7106409458954492,-0.4999999999999997,-0.8660254037844388,-2.4492935982947064e-16,1.0,3.713572066704308
705,0.650424634936152,3.9182038645032273,-0.4999999999999997,-0.8660254037844388,0.0,1.0,3.7106409458954492
706,0.759607747296389,3.810654511039857,-0.4999999999999997,-0.8660254037844388,0.8660254037844386,0.5000000000000001,3.9182038645032273
707,0.7788232418891672,3.7848712197676626,-0.4999999999999997,-0.8660254037844388,0.8660254037844387,-0.4999999999999998,3.810654511039857
708,0.7866744058165821,3.6888794541139363,-0.4999999999999997,-0.8660254037844388,1.2246467991473532e-16,-1.0,3.7848712197676626
709,0.5824524958758477,3.681099266794974,-0.4999999999999997,-0.8660254037844388,-0.8660254037844384,-0.5000000000000004,3.6888794541139363
710,0.5891580619539316,3.636532973741727,-0.4999999999999997,-0.8660254037844388,-0.8660254037844386,0.5000000000000001,3.681099266794974
711,0.6062656565039408,3.5562048372093953,-0.4999999999999997,-0.8660254037844388,-2.4492935982947064e-16,1.0,3.636532973741727
712,0.5930378200036659,3.5524868292083815,-0.4999999999999997,-0.8660254037844388,0.0,1.0,3.5562048372093953
713,0.6221665546526547,3.537765824444175,-0.4999999999999997,-0.8660254037844388,0.8660254037844386,0.5000000000000001,3.5524868292083815
714,0.5797794342274087,3.443937535338314,-0.4999999999999997,-0.8660254037844388,0.8660254037844387,-0.4999999999999998,3.537765824444175
715,0.3748854402150668,3.4291367503513968,-0.4999999999999997,-0.8660254037844388,1.2246467991473532e-16,-1.0,3.443937535338314
716,0.9435143887089875,3.5832411220909393,-0.4999999999999997,-0.8660254037844388,-0.8660254037844384,-0.5000000000000004,3.4291367503513968
717,0.9335858740147858,3.5832411220909393,-0.4999999999999997,-0.8660254037844388,-0.8660254037844386,0.5000000000000001,3.5832411220909393
718,0.8289393291378994,3.4528406148139936,-0.4999999999999997,-0.8660254037844388,-2.4492935982947064e-16,1.0,3.5832411220909393
719,0.758462149447058,3.3840512228271846,-0.4999999999999997,-0.8660254037844388,0.0,1.0,3.4528406148139936
720,0.3776196004154701,3.3083508312958037,-0.4999999999999997,-0.8660254037844388,0.8660254037844386,0.5000000000000001,3.3840512228271846
721,0.7208559907130201,3.295836866004329,-0.4999999999999997,-0.8660254037844388,0.8660254037844387,-0.4999999999999998,3.3083508312958037
722,0.3443514388708987,3.5681232529781366,-0.4999999999999997,-0.8660254037844388,1.2246467991473532e-16,-1.0,3.295836866004329
723,0.7727286613307264,3.551913599040779,-0.4999999999999997,-0.8660254037844388,-0.8660254037844384,-0.5000000000000004,3.5681232529781366
724,0.7431264129040142,3.5328102684640474,-0.4999999999999997,-0.8660254037844388,-0.8660254037844386,0.5000000000000001,3.551913599040779
725,0.534551231135822,3.4493524235492026,-0.4999999999999997,-0.8660254037844388,-2.4492935982947064e-16,1.0,3.5328102684640474
726,0.47988330176574806,3.4048573424936426,-0.4999999999999997,-0.8660254037844388,0.0,1.0,3.4493524235492026
727,0.6102370623816216,3.32862668882732,-0.4999999999999997,-0.8660254037844388,0.8660254037844386,0.5000000000000001,3.4048573424936426
728,0.4052055966273599,3.5210523434704344,-0.4999999999999997,-0.8660254037844388,0.8660254037844387,-0.4999999999999998,3.32862668882732
